ref_frequency_thz,ref_amplitude,ref_phase,sample_frequency_thz,sample_amplitude,sample_phase,phase_offset,phase_diff
0.0,0.000325357,0.0,0.0,5.90495e-06,0.0,0.0,0.0
0.0111111,0.000326478,7.56541,0.0111111,6.09606e-06,7.82298,0.19897,0.0586
0.0222222,0.000329988,15.13037,0.0222222,6.63071e-06,15.67575,0.39794,0.14745
0.0333333,0.000336305,22.69488,0.0333333,7.41991e-06,23.57143,0.5969,0.27964
0.0444444,0.000346034,30.25972,0.0444444,8.36976e-06,31.50784,0.79587,0.45225
0.0555556,0.000359849,37.82652,0.0555556,9.40435e-06,39.47686,0.99484,0.6555
0.0666667,0.000378356,45.39761,0.0666667,1.04676e-05,47.47024,1.19381,0.87882
0.0777778,0.000401974,52.97548,0.0777778,1.15183e-05,55.48138,1.39277,1.11314
0.0888889,0.000430862,60.5623,0.0888889,1.25253e-05,63.50539,1.59174,1.35135
0.1,0.000464912,68.15957,0.1,1.3464e-05,71.53871,1.79071,1.58843
0.111111,0.00050379,75.76789,0.111111,1.43146e-05,79.57866,1.98968,1.82109
0.122222,0.000546998,83.38715,0.122222,1.50614e-05,87.62322,2.18864,2.04743
0.133333,0.000593944,91.01668,0.133333,1.56918e-05,95.67074,2.38761,2.26645
0.144444,0.000644002,98.65547,0.144444,1.61966e-05,103.71984,2.58658,2.47779
0.155556,0.000696549,106.30239,0.155556,1.65699e-05,111.76929,2.78555,2.68135
0.166667,0.000751002,113.9563,0.166667,1.68094e-05,119.81795,2.98451,2.87714
0.177778,0.000806832,121.6161,0.177778,1.69167e-05,127.86471,3.18348,3.06513
0.188889,0.000863576,129.28082,0.188889,1.68974e-05,135.90844,3.38245,3.24517
0.2,0.000920846,136.9496,0.2,1.67614e-05,143.948,3.58142,3.41698
0.211111,0.00097833,144.62169,0.211111,1.65231e-05,151.98217,3.78038,3.5801
0.222222,0.00104,152.29647,0.222222,1.62017e-05,160.0097,3.97935,3.73388
0.233333,0.00109,159.97343,0.233333,1.58211e-05,168.02934,4.17832,3.8776
0.244444,0.00115,167.65213,0.244444,1.54102e-05,176.0399,4.37729,4.01048
0.255556,0.00121,175.33225,0.255556,1.50025e-05,184.04039,4.57625,4.13189
0.266667,0.00126,183.01352,0.266667,1.46354e-05,192.03026,4.77522,4.24152
0.277778,0.00132,190.69575,0.277778,1.43485e-05,200.00965,4.97419,4.33971
0.288889,0.00137,198.3788,0.288889,1.41812e-05,207.97969,5.17316,4.42773
0.3,0.00143,206.06256,0.3,1.41691e-05,215.94263,5.37212,4.50795
0.311111,0.00149,213.74699,0.311111,1.43396e-05,223.90172,5.57109,4.58364
0.322222,0.00154,221.43206,0.322222,1.47093e-05,231.86077,5.77006,4.65865
0.333333,0.0016,229.11775,0.333333,1.52821e-05,239.82348,5.96903,4.73669
0.344444,0.00165,236.80408,0.344444,1.60505e-05,247.79282,6.16799,4.82075
0.355556,0.00171,244.49105,0.355556,1.69988e-05,255.77078,6.36696,4.91276
0.366667,0.00177,252.17869,0.366667,1.8106e-05,263.75826,6.56593,5.01364
0.377778,0.00182,259.867,0.377778,1.93493e-05,271.7554,6.7649,5.1235
0.388889,0.00188,267.556,0.388889,2.07054e-05,279.76175,6.96386,5.24189
0.4,0.00194,275.24568,0.4,2.21517e-05,287.77658,7.16283,5.36807
0.411111,0.002,282.93605,0.411111,2.3667e-05,295.79904,7.3618,5.50119
0.422222,0.00206,290.6271,0.422222,2.52308e-05,303.82825,7.56077,5.64038
0.433333,0.00211,298.31881,0.433333,2.68234e-05,311.86337,7.75973,5.78483
0.444444,0.00217,306.01117,0.444444,2.84259e-05,319.9036,7.9587,5.93373
0.455556,0.00223,313.70415,0.455556,3.00201e-05,327.9482,8.15767,6.08638
0.466667,0.00229,321.39774,0.466667,3.15887e-05,335.99651,8.35664,6.24213
0.477778,0.00235,329.09191,0.477778,3.31154e-05,344.04788,8.5556,6.40037
0.488889,0.00241,336.78665,0.488889,3.45855e-05,352.10172,8.75457,6.5605
0.5,0.00246,344.48195,0.5,3.59863e-05,360.15747,8.95354,6.72198
0.511111,0.00252,352.17778,0.511111,3.73075e-05,368.21459,9.15251,6.8843
0.522222,0.00258,359.87415,0.522222,3.85418e-05,376.2726,9.35147,7.04697
0.533333,0.00264,367.57105,0.533333,3.96854e-05,384.331,9.55044,7.20951
0.544444,0.0027,375.26848,0.544444,4.07381e-05,392.38938,9.74941,7.37149
0.555556,0.00276,382.96643,0.555556,4.17038e-05,400.44732,9.94838,7.53251
0.566667,0.00282,390.66492,0.566667,4.25904e-05,408.50448,10.1473,7.69226
0.577778,0.00288,398.36394,0.577778,4.34096e-05,416.56055,10.3463,7.85031
0.588889,0.00294,406.0635,0.588889,4.41768e-05,424.61532,10.5453,8.00652
0.6,0.003,413.76359,0.6,4.49105e-05,432.66863,10.7442,8.16084
0.611111,0.00306,421.46421,0.611111,4.56313e-05,440.7204,10.9432,8.31299
0.622222,0.00312,429.16537,0.622222,4.63616e-05,448.77066,11.1422,8.4631
0.633333,0.00318,436.86703,0.633333,4.7124e-05,456.81953,11.3411,8.6114
0.644444,0.00324,444.56921,0.644444,4.79405e-05,464.8672,11.5401,8.75789
0.655556,0.00329,452.27186,0.655556,4.88316e-05,472.91393,11.7391,8.90297
0.666667,0.00335,459.97499,0.666667,4.98152e-05,480.96005,11.9381,9.04696
0.677778,0.00341,467.67856,0.677778,5.09064e-05,489.00592,12.137,9.19036
0.688889,0.00347,475.38255,0.688889,5.21167e-05,497.05187,12.336,9.33333
0.7,0.00352,483.08692,0.7,5.34541e-05,505.09826,12.535,9.47634
0.711111,0.00358,490.79167,0.711111,5.49239e-05,513.14536,12.7339,9.6198
0.722222,0.00363,498.49675,0.722222,5.65286e-05,521.19343,12.9329,9.76378
0.733333,0.00369,506.20214,0.733333,5.82689e-05,529.24262,13.1319,9.90858
0.744444,0.00374,513.90782,0.744444,6.01445e-05,537.29307,13.3308,10.05446
0.755556,0.0038,521.61377,0.755556,6.21544e-05,545.34485,13.5298,10.20128
0.766667,0.00385,529.31997,0.766667,6.42981e-05,553.39797,13.7288,10.3492
0.777778,0.0039,537.02641,0.777778,6.65755e-05,561.45244,13.9277,10.49833
0.788889,0.00395,544.73309,0.788889,6.89874e-05,569.50823,14.1267,10.64844
0.8,0.004,552.43999,0.8,7.15353e-05,577.56531,14.3257,10.79962
0.811111,0.00405,560.14714,0.811111,7.42215e-05,585.62366,14.5246,10.95192
0.822222,0.0041,567.85453,0.822222,7.70485e-05,593.68326,14.7236,11.10513
0.833333,0.00415,575.56218,0.833333,8.00189e-05,601.74409,14.9226,11.25932
0.844444,0.0042,583.2701,0.844444,8.31344e-05,609.80616,15.1215,11.41456
0.855556,0.00425,590.97832,0.855556,8.63959e-05,617.86948,15.3205,11.57065
0.866667,0.0043,598.68687,0.866667,8.98026e-05,625.93404,15.5195,11.72767
0.877778,0.00435,606.39576,0.877778,9.33517e-05,633.99986,15.7184,11.8857
0.888889,0.0044,614.10502,0.888889,9.70384e-05,642.06696,15.9174,12.04453
0.9,0.00445,621.81469,0.9,0.000100855,650.13532,16.1164,12.20423
0.911111,0.0045,629.52478,0.911111,0.000104793,658.20494,16.3153,12.36487
0.922222,0.00455,637.23531,0.922222,0.000108839,666.27581,16.5143,12.52619
0.933333,0.0046,644.94632,0.933333,0.000112979,674.34787,16.7133,12.68825
0.944444,0.00464,652.65781,0.944444,0.000117199,682.42109,16.9122,12.85108
0.955556,0.00469,660.3698,0.955556,0.000121481,690.4954,17.1112,13.0144
0.966667,0.00474,668.0823,0.966667,0.000125808,698.57074,17.3102,13.17824
0.977778,0.00478,675.79531,0.977778,0.000130162,706.64702,17.5091,13.34261
0.988889,0.00482,683.50884,0.988889,0.000134527,714.72417,17.7081,13.50723
1.0,0.00487,691.22288,1.0,0.000138884,722.8021,17.9071,13.67212
1.01111,0.00491,698.93743,1.01111,0.00014322,730.88072,18.106,13.83729
1.02222,0.00495,706.65248,1.02222,0.000147521,738.95995,18.305,14.00247
1.03333,0.00498,714.36802,1.03333,0.000151775,747.03972,18.504,14.16771
1.04444,0.00502,722.08402,1.04444,0.000155972,755.11995,18.7029,14.33303
1.05556,0.00505,729.80049,1.05556,0.000160106,763.20058,18.9019,14.49819
1.06667,0.00508,737.5174,1.06667,0.00016417,771.28155,19.1009,14.66325
1.07778,0.00511,745.23473,1.07778,0.000168162,779.36281,19.2999,14.82818
1.08889,0.00514,752.95246,1.08889,0.000172081,787.44433,19.4988,14.99307
1.1,0.00516,760.67058,1.1,0.000175928,795.52609,19.6978,15.15771
1.11111,0.00519,768.38907,1.11111,0.000179703,803.60806,19.8968,15.32219
1.12222,0.00521,776.10791,1.12222,0.000183411,811.69024,20.0957,15.48663
1.13333,0.00522,783.82708,1.13333,0.000187055,819.77262,20.2947,15.65085
1.14444,0.00524,791.54656,1.14444,0.00019064,827.85521,20.4937,15.81495
1.15556,0.00525,799.26635,1.15556,0.00019417,835.93801,20.6926,15.97906
1.16667,0.00526,806.98641,1.16667,0.000197651,844.02103,20.8916,16.14302
1.17778,0.00527,814.70675,1.17778,0.000201087,852.10429,21.0906,16.30694
1.18889,0.00528,822.42733,1.18889,0.000204483,860.18778,21.2895,16.47095
1.2,0.00528,830.14816,1.2,0.000207845,868.27153,21.4885,16.63487
1.21111,0.00528,837.86922,1.21111,0.000211177,876.35554,21.6875,16.79883
1.22222,0.00528,845.59049,1.22222,0.000214484,884.43982,21.8864,16.96293
1.23333,0.00528,853.31196,1.23333,0.000217773,892.52436,22.0854,17.127
1.24444,0.00528,861.03364,1.24444,0.000221048,900.60918,22.2844,17.29114
1.25556,0.00527,868.7555,1.25556,0.000224316,908.69426,22.4833,17.45547
1.26667,0.00526,876.47754,1.26667,0.000227585,916.77963,22.6823,17.61979
1.27778,0.00525,884.19975,1.27778,0.00023086,924.86526,22.8813,17.78421
1.28889,0.00524,891.92214,1.28889,0.000234151,932.95118,23.0802,17.94885
1.3,0.00523,899.64469,1.3,0.000237465,941.03739,23.2792,18.1135
1.31111,0.00522,907.36741,1.31111,0.00024081,949.12391,23.4782,18.2783
1.32222,0.0052,915.09031,1.32222,0.000244193,957.21075,23.6771,18.44334
1.33333,0.00518,922.81337,1.33333,0.000247621,965.29793,23.8761,18.60846
1.34444,0.00517,930.53662,1.34444,0.000251099,973.38549,24.0751,18.77378
1.35556,0.00515,938.26004,1.35556,0.00025463,981.47346,24.274,18.93942
1.36667,0.00513,945.98366,1.36667,0.000258216,989.56187,24.473,19.10522
1.37778,0.00511,953.70747,1.37778,0.000261856,997.65076,24.672,19.27129
1.38889,0.00509,961.43148,1.38889,0.000265545,1005.74016,24.8709,19.43778
1.4,0.00506,969.1557,1.4,0.000269276,1013.8301,25.0699,19.6045
1.41111,0.00504,976.88013,1.41111,0.000273041,1021.92061,25.2689,19.77158
1.42222,0.00501,984.60478,1.42222,0.000276826,1030.01171,25.4678,19.93912
1.43333,0.00499,992.32965,1.43333,0.000280619,1038.1034,25.6668,20.10695
1.44444,0.00496,1000.05475,1.44444,0.000284403,1046.1957,25.8658,20.27516
1.45556,0.00494,1007.78006,1.45556,0.000288163,1054.2886,26.0647,20.44384
1.46667,0.00491,1015.50559,1.46667,0.000291882,1062.38207,26.2637,20.61278
1.47778,0.00488,1023.23134,1.47778,0.000295545,1070.47609,26.4627,20.78206
1.48889,0.00485,1030.95729,1.48889,0.000299138,1078.57063,26.6616,20.95175
1.5,0.00482,1038.68344,1.5,0.00030265,1086.66565,26.8606,21.12161
1.51111,0.00479,1046.40978,1.51111,0.000306073,1094.7611,27.0596,21.29172
1.52222,0.00476,1054.13631,1.52222,0.000309403,1102.85694,27.2586,21.46203
1.53333,0.00472,1061.86302,1.53333,0.00031264,1110.95311,27.4575,21.6326
1.54444,0.00469,1069.5899,1.54444,0.000315788,1119.0496,27.6565,21.80319
1.55556,0.00466,1077.31697,1.55556,0.000318855,1127.14635,27.8555,21.97388
1.56667,0.00463,1085.04422,1.56667,0.000321853,1135.24334,28.0544,22.14472
1.57778,0.0046,1092.77165,1.57778,0.000324798,1143.34056,28.2534,22.31551
1.58889,0.00457,1100.49929,1.58889,0.000327708,1151.43801,28.4524,22.48631
1.6,0.00454,1108.22716,1.6,0.000330604,1159.53569,28.6513,22.65723
1.61111,0.00451,1115.95528,1.61111,0.000333507,1167.63364,28.8503,22.82807
1.62222,0.00448,1123.68367,1.62222,0.000336437,1175.73189,29.0493,22.99892
1.63333,0.00445,1131.41239,1.63333,0.000339413,1183.8305,29.2482,23.16991
1.64444,0.00442,1139.14147,1.64444,0.000342454,1191.92953,29.4472,23.34085
1.65556,0.0044,1146.87096,1.65556,0.000345572,1200.02904,29.6462,23.51188
1.66667,0.00437,1154.60091,1.66667,0.000348778,1208.12911,29.8451,23.68311
1.67778,0.00435,1162.33137,1.67778,0.000352077,1216.22983,30.0441,23.85437
1.68889,0.00433,1170.06239,1.68889,0.00035547,1224.33127,30.2431,24.02579
1.7,0.00431,1177.79402,1.7,0.000358953,1232.43351,30.442,24.19749
1.71111,0.00429,1185.52633,1.71111,0.000362517,1240.53661,30.641,24.36928
1.72222,0.00427,1193.25934,1.72222,0.00036615,1248.64062,30.84,24.54128
1.73333,0.00425,1200.9931,1.73333,0.000369837,1256.7456,31.0389,24.7136
1.74444,0.00423,1208.72765,1.74444,0.000373559,1264.85159,31.2379,24.88604
1.75556,0.00421,1216.46302,1.75556,0.000377298,1272.9586,31.4369,25.05868
1.76667,0.00419,1224.19923,1.76667,0.000381031,1281.06664,31.6358,25.23162
1.77778,0.00418,1231.93629,1.77778,0.00038474,1289.17573,31.8348,25.40464
1.78889,0.00416,1239.67423,1.78889,0.000388405,1297.28585,32.0338,25.57782
1.8,0.00414,1247.41304,1.8,0.000392007,1305.39698,32.2327,25.75125
1.81111,0.00412,1255.15271,1.81111,0.000395531,1313.50911,32.4317,25.9247
1.82222,0.0041,1262.89326,1.82222,0.000398964,1321.62221,32.6307,26.09825
1.83333,0.00408,1270.63466,1.83333,0.000402294,1329.73624,32.8296,26.27198
1.84444,0.00406,1278.3769,1.84444,0.000405512,1337.85119,33.0286,26.44569
1.85556,0.00404,1286.11998,1.85556,0.000408614,1345.96703,33.2276,26.61945
1.86667,0.00402,1293.86386,1.86667,0.000411595,1354.08372,33.4265,26.79336
1.87778,0.004,1301.60854,1.87778,0.000414453,1362.20125,33.6255,26.96721
1.88889,0.00397,1309.35399,1.88889,0.000417187,1370.31959,33.8245,27.1411
1.9,0.00394,1317.10021,1.9,0.000419798,1378.43875,34.0234,27.31514
1.91111,0.00392,1324.84717,1.91111,0.000422286,1386.55869,34.2224,27.48912
1.92222,0.00389,1332.59486,1.92222,0.000424653,1394.67943,34.4214,27.66317
1.93333,0.00386,1340.34327,1.93333,0.0004269,1402.80095,34.6204,27.83728
1.94444,0.00383,1348.0924,1.94444,0.000429026,1410.92327,34.8193,28.01157
1.95556,0.0038,1355.84222,1.95556,0.000431031,1419.04638,35.0183,28.18586
1.96667,0.00376,1363.59274,1.96667,0.000432913,1427.17029,35.2173,28.36025
1.97778,0.00373,1371.34394,1.97778,0.000434669,1435.29501,35.4162,28.53486
1.98889,0.0037,1379.09584,1.98889,0.000436296,1443.42054,35.6152,28.7095
2.0,0.00366,1386.84843,2.0,0.00043779,1451.54691,35.8142,28.88428
2.01111,0.00362,1394.6017,2.01111,0.000439145,1459.6741,36.0131,29.0593
2.02222,0.00359,1402.35567,2.02222,0.000440357,1467.80213,36.2121,29.23436
2.03333,0.00355,1410.11032,2.03333,0.000441419,1475.931,36.4111,29.40958
2.04444,0.00351,1417.86568,2.04444,0.000442327,1484.06071,36.61,29.58504
2.05556,0.00347,1425.62173,2.05556,0.000443075,1492.19127,36.809,29.76054
2.06667,0.00344,1433.37848,2.06667,0.000443659,1500.32267,37.008,29.93618
2.07778,0.0034,1441.13595,2.07778,0.000444076,1508.4549,37.2069,30.11205
2.08889,0.00336,1448.89412,2.08889,0.000444324,1516.58796,37.4059,30.28793
2.1,0.00332,1456.65302,2.1,0.000444401,1524.72184,37.6049,30.46392
2.11111,0.00327,1464.41264,2.11111,0.000444307,1532.85653,37.8038,30.64009
2.12222,0.00323,1472.17299,2.12222,0.000444042,1540.99202,38.0028,30.81623
2.13333,0.00319,1479.93409,2.13333,0.000443608,1549.1283,38.2018,30.99242
2.14444,0.00315,1487.69592,2.14444,0.000443005,1557.26537,38.4007,31.16875
2.15556,0.00311,1495.45852,2.15556,0.000442236,1565.40321,38.5997,31.34499
2.16667,0.00306,1503.22188,2.16667,0.000441302,1573.54181,38.7987,31.52123
2.17778,0.00302,1510.98602,2.17778,0.000440205,1581.68117,38.9976,31.69755
2.18889,0.00298,1518.75094,2.18889,0.000438945,1589.82128,39.1966,31.87374
2.2,0.00293,1526.51667,2.2,0.00043752,1597.96214,39.3956,32.04986
2.21111,0.00289,1534.28322,2.21111,0.000435929,1606.10374,39.5945,32.22602
2.22222,0.00284,1542.0506,2.22222,0.000434168,1614.2461,39.7935,32.402
2.23333,0.0028,1549.81883,2.23333,0.00043223,1622.38922,39.9925,32.57788
2.24444,0.00275,1557.58793,2.24444,0.00043011,1630.5331,40.1914,32.75377
2.25556,0.00271,1565.35791,2.25556,0.000427798,1638.67776,40.3904,32.92945
2.26667,0.00266,1573.12879,2.26667,0.000425282,1646.82321,40.5894,33.10502
2.27778,0.00261,1580.90058,2.27778,0.000422551,1654.96947,40.7883,33.28059
2.28889,0.00257,1588.67331,2.28889,0.000419591,1663.11657,40.9873,33.45597
2.3,0.00252,1596.44698,2.3,0.000416389,1671.26454,41.1863,33.63126
2.31111,0.00247,1604.2216,2.31111,0.00041293,1679.41339,41.3852,33.80659
2.32222,0.00242,1611.9972,2.32222,0.000409201,1687.56317,41.5842,33.98177
2.33333,0.00237,1619.77377,2.33333,0.000405189,1695.7139,41.7832,34.15694
2.34444,0.00232,1627.55132,2.34444,0.000400883,1703.86564,41.9821,34.33222
2.35556,0.00227,1635.32985,2.35556,0.000396274,1712.0184,42.1811,34.50745
2.36667,0.00222,1643.10937,2.36667,0.000391355,1720.17224,42.3801,34.68277
2.37778,0.00217,1650.88987,2.37778,0.000386124,1728.32719,42.5791,34.85822
2.38889,0.00212,1658.67135,2.38889,0.00038058,1736.48329,42.778,35.03394
2.4,0.00207,1666.45379,2.4,0.00037473,1744.64057,42.977,35.20978
2.41111,0.00202,1674.23719,2.41111,0.00036858,1752.79907,43.176,35.38588
2.42222,0.00196,1682.02152,2.42222,0.000362145,1760.95881,43.3749,35.56239
2.43333,0.00191,1689.80679,2.43333,0.000355441,1769.11982,43.5739,35.73914
2.44444,0.00186,1697.59295,2.44444,0.000348488,1777.28211,43.7729,35.91626
2.45556,0.00181,1705.38,2.45556,0.000341309,1785.44568,43.9718,36.09389
2.46667,0.00175,1713.1679,2.46667,0.000333933,1793.61054,44.1708,36.27184
2.47778,0.0017,1720.95664,2.47778,0.000326385,1801.77666,44.3698,36.45022
2.48889,0.00165,1728.74619,2.48889,0.000318697,1809.94403,44.5687,36.62914
2.5,0.00159,1736.53652,2.5,0.000310898,1818.11258,44.7677,36.80837
2.51111,0.00154,1744.32759,2.51111,0.000303016,1826.28229,44.9667,36.98799
2.52222,0.00149,1752.11939,2.52222,0.00029508,1834.45307,45.1656,37.16807
2.53333,0.00143,1759.91189,2.53333,0.000287114,1842.62484,45.3646,37.34835
2.54444,0.00138,1767.70505,2.54444,0.000279141,1850.79752,45.5636,37.52887
2.55556,0.00133,1775.49885,2.55556,0.00027118,1858.97101,45.7625,37.70966
2.56667,0.00128,1783.29326,2.56667,0.000263247,1867.14519,45.9615,37.89042
2.57778,0.00123,1791.08826,2.57778,0.000255352,1875.31995,46.1605,38.07119
2.58889,0.00118,1798.88382,2.58889,0.000247504,1883.49519,46.3594,38.25197
2.6,0.00113,1806.67992,2.6,0.000239708,1891.6708,46.5584,38.43247
2.61111,0.00108,1814.47654,2.61111,0.000231966,1899.84666,46.7574,38.61271
2.62222,0.00104,1822.27366,2.62222,0.000224279,1908.02269,46.9563,38.79273
2.63333,0.000989589,1830.07127,2.63333,0.000216644,1916.19881,47.1553,38.97224
2.64444,0.000944373,1837.86934,2.64444,0.000209061,1924.37495,47.3543,39.15131
2.65556,0.000900225,1845.66788,2.65556,0.000201528,1932.55107,47.5532,39.33
2.66667,0.000857187,1853.46686,2.66667,0.000194044,1940.72715,47.7522,39.50809
2.67778,0.000815298,1861.2663,2.67778,0.000186611,1948.90317,47.9512,39.68567
2.68889,0.00077459,1869.06619,2.68889,0.000179231,1957.07916,48.1501,39.86287
2.7,0.000735091,1876.86652,2.7,0.000171909,1965.25514,48.3491,40.03952
2.71111,0.000696823,1884.66732,2.71111,0.000164652,1973.43117,48.5481,40.21575
2.72222,0.000659803,1892.46858,2.72222,0.000157469,1981.60732,48.747,40.39173
2.73333,0.000624044,1900.27032,2.73333,0.000150372,1989.78365,48.946,40.56733
2.74444,0.000589554,1908.07256,2.74444,0.000143373,1997.96028,49.145,40.74272
2.75556,0.000556337,1915.87531,2.75556,0.000136487,2006.13729,49.3439,40.91808
2.76667,0.000524392,1923.67859,2.76667,0.000129728,2014.31479,49.5429,41.09329
2.77778,0.000493717,1931.48243,2.77778,0.000123112,2022.49287,49.7419,41.26855
2.78889,0.000464303,1939.28683,2.78889,0.000116653,2030.67164,49.9409,41.44391
2.8,0.00043614,1947.09183,2.8,0.000110366,2038.85119,50.1398,41.61956
2.81111,0.000409213,1954.89744,2.81111,0.000104264,2047.03158,50.3388,41.79534
2.82222,0.000383505,1962.70366,2.82222,9.83578e-05,2055.21287,50.5378,41.97141
2.83333,0.000358994,1970.51052,2.83333,9.26575e-05,2063.39511,50.7367,42.14789
2.84444,0.000335658,1978.31801,2.84444,8.71703e-05,2071.5783,50.9357,42.32459
2.85556,0.000313468,1986.12614,2.85556,8.19013e-05,2079.76244,51.1347,42.5016
2.86667,0.000292394,1993.93489,2.86667,7.68533e-05,2087.94747,51.3336,42.67898
2.87778,0.000272404,2001.74425,2.87778,7.20267e-05,2096.13333,51.5326,42.85647
2.88889,0.000253462,2009.55421,2.88889,6.742e-05,2104.31991,51.7316,43.0341
2.9,0.00023553,2017.36474,2.9,6.30295e-05,2112.50708,51.9305,43.21184
2.91111,0.000218571,2025.17582,2.91111,5.88502e-05,2120.69468,52.1295,43.38936
2.92222,0.000202543,2032.98744,2.92222,5.48759e-05,2128.88252,52.3285,43.56658
2.93333,0.000187406,2040.79956,2.93333,5.10993e-05,2137.07037,52.5274,43.74341
2.94444,0.00017312,2048.6122,2.94444,4.7513e-05,2145.258,52.7264,43.91939
2.95556,0.000159647,2056.42538,2.95556,4.4109e-05,2153.44511,52.9254,44.09433
2.96667,0.000146949,2064.23913,2.96667,4.08797e-05,2161.63139,53.1243,44.26797
2.97778,0.000134992,2072.05353,2.97778,3.78181e-05,2169.81651,53.3233,44.43967
2.98889,0.000123745,2079.86871,2.98889,3.49172e-05,2178.00005,53.5223,44.60903
3.0,0.00011318,2087.68485,3.0,3.21711e-05,2186.18157,53.7212,44.77552
3.01111,0.000103275,2095.50218,3.01111,2.95744e-05,2194.36056,53.9202,44.93818
3.02222,9.40116e-05,2103.32103,3.02222,2.71226e-05,2202.53643,54.1192,45.0962
3.03333,8.5375e-05,2111.14179,3.03333,2.48117e-05,2210.70849,54.3181,45.24859
3.04444,7.73564e-05,2118.96496,3.04444,2.26389e-05,2218.87595,54.5171,45.39389
3.05556,6.99507e-05,2126.7911,3.05556,2.0602e-05,2227.03789,54.7161,45.53069
3.06667,6.31567e-05,2134.62087,3.06667,1.86999e-05,2235.19326,54.915,45.65739
3.07778,5.69763e-05,2142.45494,3.07778,1.69327e-05,2243.34083,55.114,45.77189
3.08889,5.14133e-05,2150.29397,3.08889,1.53017e-05,2251.47925,55.313,45.87227
3.1,4.64717e-05,2158.13846,3.1,1.381e-05,2259.60703,55.5119,45.95667
3.11111,4.21534e-05,2165.9886,3.11111,1.24619e-05,2267.72265,55.7109,46.02314
3.12222,3.84549e-05,2173.84408,3.12222,1.12636e-05,2275.8247,55.9099,46.07072
3.13333,3.53634e-05,2181.70389,3.13333,1.02217e-05,2283.91219,56.1088,46.0995
3.14444,3.28533e-05,2189.56617,3.14444,9.34262e-06,2291.9849,56.3078,46.11094
3.15556,3.08828e-05,2197.42834,3.15556,8.63037e-06,2300.04392,56.5068,46.10877
3.16667,2.93947e-05,2205.28737,3.16667,8.08388e-06,2308.09187,56.7057,46.0988
3.17778,2.83193e-05,2213.14022,3.17778,7.69468e-06,2316.13292,56.9047,46.088
3.18889,2.75803e-05,2220.98433,3.18889,7.44581e-06,2324.17205,57.1037,46.08401
3.2,2.7102e-05,2228.81795,3.2,7.31298e-06,2332.21403,57.3027,46.09338
3.21111,2.68152e-05,2236.64019,3.21111,7.26767e-06,2340.26255,57.5016,46.12076
3.22222,2.6661e-05,2244.45094,3.22222,7.28084e-06,2348.31977,57.7006,46.16823
3.23333,2.65928e-05,2252.25068,3.23333,7.32609e-06,2356.38645,57.8996,46.23616
3.24444,2.65749e-05,2260.04026,3.24444,7.38142e-06,2364.46237,58.0985,46.3236
3.25556,2.65822e-05,2267.82075,3.25556,7.42983e-06,2372.5468,58.2975,46.42855
3.26667,2.65974e-05,2275.59328,3.26667,7.45906e-06,2380.63882,58.4965,46.54904
3.27778,2.66095e-05,2283.35901,3.27778,7.46102e-06,2388.73757,58.6954,46.68317
3.28889,2.66121e-05,2291.11904,3.28889,7.43102e-06,2396.84236,58.8944,46.82892
3.3,2.66018e-05,2298.87442,3.3,7.36706e-06,2404.95269,59.0934,46.98487
3.31111,2.65775e-05,2306.62612,3.31111,7.26921e-06,2413.06833,59.2923,47.14991
3.32222,2.65394e-05,2314.37501,3.32222,7.1391e-06,2421.18925,59.4913,47.32294
3.33333,2.64886e-05,2322.12188,3.33333,6.97956e-06,2429.31565,59.6903,47.50347
3.34444,2.64269e-05,2329.86742,3.34444,6.7943e-06,2437.4479,59.8892,47.69127
3.35556,2.63563e-05,2337.61227,3.35556,6.58782e-06,2445.58655,60.0882,47.88608
3.36667,2.62791e-05,2345.35694,3.36667,6.36525e-06,2453.73226,60.2872,48.08812
3.37778,2.61981e-05,2353.10189,3.37778,6.13242e-06,2461.88581,60.4861,48.29782
3.38889,2.61159e-05,2360.84748,3.38889,5.89578e-06,2470.04797,60.6851,48.51539
3.4,2.60351e-05,2368.59399,3.4,5.66248e-06,2478.21945,60.8841,48.74135
3.41111,2.59584e-05,2376.34165,3.41111,5.44019e-06,2486.40078,61.083,48.97614
3.42222,2.58879e-05,2384.09057,3.42222,5.2369e-06,2494.59217,61.282,49.2196
3.43333,2.58256e-05,2391.84082,3.43333,5.06047e-06,2502.79326,61.481,49.47144
3.44444,2.57724e-05,2399.59238,3.44444,4.91791e-06,2511.00305,61.6799,49.73078
3.45556,2.57288e-05,2407.34517,3.45556,4.81458e-06,2519.2198,61.8789,49.99573
3.46667,2.5694e-05,2415.09905,3.46667,4.75332e-06,2527.44109,62.0779,50.26415
3.47778,2.56661e-05,2422.85383,3.47778,4.73386e-06,2535.66415,62.2768,50.53351
3.48889,2.56419e-05,2430.6093,3.48889,4.7527e-06,2543.88617,62.4758,50.80107
3.5,2.56171e-05,2438.36518,3.5,4.80349e-06,2552.10473,62.6748,51.06475
3.51111,2.5586e-05,2446.12121,3.51111,4.87789e-06,2560.31802,62.8737,51.32311
3.52222,2.55419e-05,2453.87711,3.52222,4.96649e-06,2568.52491,63.0727,51.5751
3.53333,2.54773e-05,2461.63262,3.53333,5.05973e-06,2576.72487,63.2717,51.82055
3.54444,2.53842e-05,2469.38749,3.54444,5.14864e-06,2584.91781,63.4706,52.05972
3.55556,2.52542e-05,2477.14149,3.55556,5.22525e-06,2593.10389,63.6696,52.29281
3.56667,2.50793e-05,2484.89441,3.56667,5.28285e-06,2601.2834,63.8686,52.5204
3.57778,2.48519e-05,2492.64607,3.57778,5.31609e-06,2609.45662,64.0675,52.74305
3.58889,2.45651e-05,2500.39633,3.58889,5.321e-06,2617.62377,64.2665,52.96093
3.6,2.42137e-05,2508.14508,3.6,5.29487e-06,2625.78491,64.4655,53.17434
3.61111,2.37935e-05,2515.89221,3.61111,5.23628e-06,2633.93998,64.6644,53.38337
3.62222,2.33022e-05,2523.63766,3.62222,5.14496e-06,2642.08868,64.8634,53.58762
3.63333,2.27392e-05,2531.38139,3.63333,5.02179e-06,2650.23053,65.0624,53.78674
3.64444,2.21059e-05,2539.12337,3.64444,4.86883e-06,2658.36477,65.2614,53.98001
3.65556,2.14053e-05,2546.8636,3.65556,4.68937e-06,2666.49038,65.4603,54.16649
3.66667,2.06421e-05,2554.6021,3.66667,4.48808e-06,2674.60602,65.6593,54.34462
3.67778,1.98226e-05,2562.33892,3.67778,4.27124e-06,2682.71002,65.8583,54.5128
3.68889,1.89541e-05,2570.07413,3.68889,4.04698e-06,2690.80045,66.0572,54.66911
3.7,1.80451e-05,2577.80782,3.7,3.82559e-06,2698.87521,66.2562,54.81118
3.71111,1.71044e-05,2585.54011,3.71111,3.61967e-06,2706.93243,66.4552,54.93713
3.72222,1.61414e-05,2593.27114,3.72222,3.44386e-06,2714.97115,66.6541,55.04592
3.73333,1.51651e-05,2601.00109,3.73333,3.31373e-06,2722.99226,66.8531,55.13807
3.74444,1.41847e-05,2608.73016,3.74444,3.24353e-06,2730.99945,67.0521,55.21719
3.75556,1.32083e-05,2616.45855,3.75556,3.24297e-06,2738.99935,67.251,55.2898
3.76667,1.22438e-05,2624.18649,3.76667,3.31441e-06,2747.00022,67.45,55.36373
3.77778,1.12981e-05,2631.91418,3.77778,3.45201e-06,2755.00965,67.649,55.44647
3.78889,1.03771e-05,2639.64176,3.78889,3.64348e-06,2763.03269,67.8479,55.54302
3.8,9.48593e-06,2647.36932,3.8,3.87306e-06,2771.07138,68.0469,55.65515
3.81111,8.62905e-06,2655.0968,3.81111,4.12436e-06,2779.12548,68.2459,55.78278
3.82222,7.81006e-06,2662.8239,3.82222,4.38211e-06,2787.19348,68.4448,55.92478
3.83333,7.03197e-06,2670.55002,3.83333,4.63294e-06,2795.2734,68.6438,56.07958
3.84444,6.2974e-06,2678.27408,3.84444,4.86567e-06,2803.36328,68.8428,56.2464
3.85556,5.60873e-06,2685.99432,3.85556,5.07122e-06,2811.4614,69.0417,56.42538
3.86667,4.96857e-06,2693.70804,3.86667,5.24253e-06,2819.56633,69.2407,56.61759
3.87778,4.38042e-06,2701.41126,3.87778,5.37442e-06,2827.67696,69.4397,56.826
3.88889,3.84993e-06,2709.09834,3.88889,5.46348e-06,2835.79243,69.6386,57.05549
3.9,3.38679e-06,2716.76187,3.9,5.50798e-06,2843.91212,69.8376,57.31265
3.91111,3.00737e-06,2724.39355,3.91111,5.50769e-06,2852.03561,70.0366,57.60547
3.92222,2.73668e-06,2731.98759,3.92222,5.46387e-06,2860.16268,70.2355,57.93959
3.93333,2.6058e-06,2739.54792,3.93333,5.37905e-06,2868.29324,70.4345,58.31082
3.94444,2.64023e-06,2747.09398,3.94444,5.25689e-06,2876.42737,70.6335,58.69989
3.95556,2.84489e-06,2754.65376,3.95556,5.1021e-06,2884.5653,70.8324,59.07914
3.96667,3.20175e-06,2762.24697,3.96667,4.92015e-06,2892.70739,71.0314,59.42902
3.97778,3.6821e-06,2769.87802,3.97778,4.71721e-06,2900.85417,71.2304,59.74575
3.98889,4.25819e-06,2777.54168,3.98889,4.49991e-06,2909.00628,71.4293,60.0353
4.0,4.90716e-06,2785.23019,4.0,4.27522e-06,2917.16448,71.6283,60.30599
4.01111,5.61023e-06,2792.93666,4.01111,4.05029e-06,2925.32962,71.8273,60.56566
4.02222,6.35105e-06,2800.65584,4.02222,3.83231e-06,2933.50253,72.0262,60.8205
4.03333,7.1143e-06,2808.38398,4.03333,3.62834e-06,2941.68394,72.2252,61.07477
4.04444,7.88505e-06,2816.11848,4.04444,3.44513e-06,2949.87427,72.4242,61.33159
4.05556,8.64845e-06,2823.85755,4.05556,3.2888e-06,2958.07345,72.6232,61.5927
4.06667,9.38984e-06,2831.59997,4.06667,3.16447e-06,2966.28071,72.8221,61.85864
4.07778,1.00949e-05,2839.34491,4.07778,3.07585e-06,2974.49449,73.0211,62.12849
4.08889,1.07502e-05,2847.0918,4.08889,3.02479e-06,2982.71254,73.2201,62.40065
4.1,1.13434e-05,2854.84028,4.1,3.01103e-06,2990.93221,73.419,62.67293
4.11111,1.18635e-05,2862.59012,4.11111,3.03231e-06,2999.15089,73.618,62.94277
4.12222,1.23016e-05,2870.34119,4.12222,3.08464e-06,3007.36646,73.817,63.20826
4.13333,1.26512e-05,2878.09345,4.13333,3.16292e-06,3015.57752,74.0159,63.46816
4.14444,1.2908e-05,2885.8469,4.14444,3.2615e-06,3023.78344,74.2149,63.72163
4.15556,1.30706e-05,2893.6016,4.15556,3.37464e-06,3031.98423,74.4139,63.96873
4.16667,1.31403e-05,2901.35763,4.16667,3.49692e-06,3040.18034,74.6128,64.20991
4.17778,1.31214e-05,2909.11511,4.17778,3.62334e-06,3048.37245,74.8118,64.44555
4.18889,1.30206e-05,2916.87418,4.18889,3.74943e-06,3056.56133,75.0108,64.67635
4.2,1.28474e-05,2924.63499,4.2,3.87122e-06,3064.74771,75.2097,64.90302
4.21111,1.26136e-05,2932.39768,4.21111,3.98518e-06,3072.93224,75.4087,65.12586
4.22222,1.23327e-05,2940.16235,4.22222,4.08817e-06,3081.11545,75.6077,65.3454
4.23333,1.20198e-05,2947.92907,4.23333,4.17737e-06,3089.29775,75.8066,65.56208
4.24444,1.16909e-05,2955.69782,4.24444,4.25019e-06,3097.47945,76.0056,65.77602
4.25556,1.13621e-05,2963.46844,4.25556,4.30422e-06,3105.66073,76.2046,65.98769
4.26667,1.10494e-05,2971.24061,4.26667,4.33724e-06,3113.84171,76.4035,66.1976
4.27778,1.07676e-05,2979.01381,4.27778,4.34717e-06,3122.02244,76.6025,66.40613
4.28889,1.05298e-05,2986.78733,4.28889,4.33211e-06,3130.20291,76.8015,66.61409
4.3,1.03469e-05,2994.56024,4.3,4.29044e-06,3138.38308,77.0004,66.82244
4.31111,1.02271e-05,3002.33152,4.31111,4.22083e-06,3146.56288,77.1994,67.03195
4.32222,1.01757e-05,3010.10012,4.32222,4.1224e-06,3154.74219,77.3984,67.24366
4.33333,1.0195e-05,3017.86508,4.33333,3.99478e-06,3162.92087,77.5973,67.45849
4.34444,1.02851e-05,3025.62565,4.34444,3.83829e-06,3171.09873,77.7963,67.67678
4.35556,1.04433e-05,3033.38136,4.35556,3.65394e-06,3179.27544,77.9953,67.89879
4.36667,1.06652e-05,3041.13206,4.36667,3.44359e-06,3187.45056,78.1942,68.1243
4.37778,1.09445e-05,3048.87789,4.37778,3.20995e-06,3195.62336,78.3932,68.35226
4.38889,1.12737e-05,3056.61924,4.38889,2.95659e-06,3203.7927,78.5922,68.58126
4.4,1.16438e-05,3064.35662,4.4,2.68798e-06,3211.95679,78.7911,68.80908
4.41111,1.20449e-05,3072.09062,4.41111,2.40954e-06,3220.11277,78.9901,69.03204
4.42222,1.24661e-05,3079.82186,4.42222,2.12787e-06,3228.25603,79.1891,69.24507
4.43333,1.28957e-05,3087.55089,4.43333,1.8513e-06,3236.37928,79.388,69.44039
4.44444,1.33219e-05,3095.27817,4.44444,1.59132e-06,3244.47112,79.587,69.60594
4.45556,1.37326e-05,3103.0041,4.45556,1.36516e-06,3252.51552,79.786,69.72542
4.46667,1.41162e-05,3110.72894,4.46667,1.19934e-06,3260.49658,79.9849,69.78274
4.47778,1.44618e-05,3118.45289,4.47778,1.12867e-06,3268.41792,80.1839,69.78113
4.48889,1.47596e-05,3126.17607,4.48889,1.18006e-06,3276.32482,80.3829,69.76585
4.5,1.50013e-05,3133.8985,4.5,1.3513e-06,3284.27644,80.5819,69.79604
4.51111,1.51803e-05,3141.62017,4.51111,1.61787e-06,3292.29499,80.7808,69.89402
4.52222,1.52919e-05,3149.34101,4.52222,1.95486e-06,3300.3698,80.9798,70.04899
4.53333,1.53332e-05,3157.06091,4.53333,2.34516e-06,3308.48288,81.1788,70.24317
4.54444,1.53037e-05,3164.77974,4.54444,2.77735e-06,3316.61982,81.3777,70.46239
4.55556,1.52047e-05,3172.49731,4.55556,3.24237e-06,3324.77091,81.5767,70.6969
4.56667,1.50395e-05,3180.21344,4.56667,3.73123e-06,3332.92988,81.7757,70.94073
4.57778,1.4813e-05,3187.92793,4.57778,4.2339e-06,3341.09277,81.9746,71.19024
4.58889,1.45316e-05,3195.64053,4.58889,4.73883e-06,3349.2571,82.1736,71.44297
4.6,1.4203e-05,3203.35103,4.6,5.23299e-06,3357.42133,82.3726,71.6977
4.61111,1.38357e-05,3211.05916,4.61111,5.70209e-06,3365.58452,82.5715,71.95386
4.62222,1.34389e-05,3218.76468,4.62222,6.13101e-06,3373.74612,82.7705,72.21094
4.63333,1.3022e-05,3226.46733,4.63333,6.50435e-06,3381.90584,82.9695,72.46901
4.64444,1.25947e-05,3234.16686,4.64444,6.80697e-06,3390.06354,83.1684,72.72828
4.65556,1.2166e-05,3241.86304,4.65556,7.02459e-06,3398.21917,83.3674,72.98872
4.66667,1.17451e-05,3249.55566,4.66667,7.14433e-06,3406.37274,83.5664,73.25069
4.67778,1.13403e-05,3257.24453,4.67778,7.1553e-06,3414.52432,83.7653,73.51448
4.68889,1.09592e-05,3264.92954,4.68889,7.04899e-06,3422.67393,83.9643,73.7801
4.7,1.0609e-05,3272.61061,4.7,6.81968e-06,3430.82166,84.1633,74.04775
4.71111,1.02958e-05,3280.28777,4.71111,6.46472e-06,3438.96752,84.3622,74.31756
4.72222,1.00252e-05,3287.96115,4.72222,5.98471e-06,3447.11154,84.5612,74.58919
4.73333,9.80187e-06,3295.63101,4.73333,5.38354e-06,3455.25365,84.7602,74.86243
4.74444,9.6297e-06,3303.29775,4.74444,4.66831e-06,3463.39368,84.9591,75.13683
4.75556,9.51171e-06,3310.9619,4.75556,3.84922e-06,3471.53118,85.1581,75.41118
4.76667,9.44992e-06,3318.62413,4.76667,2.93923e-06,3479.66495,85.3571,75.68372
4.77778,9.44522e-06,3326.28521,4.77778,1.95382e-06,3487.791,85.556,75.94979
4.78889,9.49728e-06,3333.94596,4.78889,9.11116e-07,3495.8861,85.755,76.18514
4.8,9.60438e-06,3341.6072,4.8,1.8981e-07,3507.63201,85.954,80.0708
4.81111,9.7634e-06,3349.26971,4.81111,1.28164e-06,3515.43469,86.1529,80.01207
4.82222,9.9698e-06,3356.93413,4.82222,2.38486e-06,3523.54323,86.3519,80.2572
4.83333,1.02177e-05,3364.60096,4.83333,3.46917e-06,3531.66758,86.5509,80.51572
4.84444,1.05e-05,3372.27051,4.84444,4.51521e-06,3539.79587,86.7498,80.77556
4.85556,1.08088e-05,3379.94295,4.85556,5.50525e-06,3547.92551,86.9488,81.03377
4.86667,1.11351e-05,3387.61825,4.86667,6.42326e-06,3556.05568,87.1478,81.28963
4.87778,1.14699e-05,3395.29626,4.87778,7.25531e-06,3564.18606,87.3467,81.5431
4.88889,1.18039e-05,3402.97671,4.88889,7.98975e-06,3572.31657,87.5457,81.79416
4.9,1.2128e-05,3410.65925,4.9,8.61746e-06,3580.44726,87.7447,82.04331
4.91111,1.24339e-05,3418.34346,4.91111,9.13192e-06,3588.57819,87.9437,82.29104
4.92222,1.27141e-05,3426.02887,4.92222,9.52926e-06,3596.70953,88.1426,82.53806
4.93333,1.29623e-05,3433.715,4.93333,9.80818e-06,3604.84142,88.3416,82.78482
4.94444,1.31741e-05,3441.40137,4.94444,9.96983e-06,3612.9741,88.5406,83.03213
4.95556,1.33466e-05,3449.08748,4.95556,1.00177e-05,3621.10779,88.7395,83.28081
4.96667,1.34792e-05,3456.77289,4.96667,9.95724e-06,3629.24278,88.9385,83.53139
4.97778,1.35733e-05,3464.45716,4.97778,9.79583e-06,3637.37938,89.1375,83.78472
4.98889,1.36327e-05,3472.13996,4.98889,9.54231e-06,3645.51796,89.3364,84.0416
5.0,1.36631e-05,3479.82101,5.0,9.20674e-06,3653.65892,89.5354,84.30251
5.01111,1.36722e-05,3487.50017,5.01111,8.80012e-06,3661.80272,89.7344,84.56815
5.02222,1.36688e-05,3495.17745,5.02222,8.33405e-06,3669.94989,89.9333,84.83913
5.03333,1.36628e-05,3502.85304,5.03333,7.82043e-06,3678.10104,90.1323,85.1157
5.04444,1.36643e-05,3510.52732,5.04444,7.27118e-06,3686.25688,90.3313,85.39826
5.05556,1.36825e-05,3518.20086,5.05556,6.69798e-06,3694.41824,90.5302,85.68717
5.06667,1.37254e-05,3525.87445,5.06667,6.112e-06,3702.58612,90.7292,85.98247
5.07778,1.37987e-05,3533.54898,5.07778,5.52373e-06,3710.76178,90.9282,86.28459
5.08889,1.3906e-05,3541.22543,5.08889,4.94285e-06,3718.94677,91.1271,86.59424
5.1,1.40478e-05,3548.90477,5.1,4.37821e-06,3727.14318,91.3261,86.91231
5.11111,1.42225e-05,3556.58789,5.11111,3.83799e-06,3735.3538,91.5251,87.24081
5.12222,1.44264e-05,3564.27553,5.12222,3.33009e-06,3743.58257,91.724,87.58304
5.13333,1.46541e-05,3571.96826,5.13333,2.863e-06,3751.83504,91.923,87.94378
5.14444,1.49001e-05,3579.66643,5.14444,2.44724e-06,3760.11887,92.122,88.33044
5.15556,1.51583e-05,3587.37022,5.15556,2.09737e-06,3768.4435,92.3209,88.75238
5.16667,1.54237e-05,3595.07961,5.16667,1.83385e-06,3776.81672,92.5199,89.21721
5.17778,1.5692e-05,3602.79443,5.17778,1.68096e-06,3785.23506,92.7189,89.72173
5.18889,1.59602e-05,3610.5144,5.18889,1.65594e-06,3793.673,92.9178,90.2408
5.2,1.62266e-05,3618.2391,5.2,1.75466e-06,3802.09117,93.1168,90.73528
5.21111,1.64908e-05,3625.96806,5.21111,1.95219e-06,3810.46276,93.3158,91.1789
5.22222,1.67533e-05,3633.70073,5.22222,2.2181e-06,3818.78329,93.5147,91.56786
5.23333,1.70154e-05,3641.43654,5.23333,2.52754e-06,3827.06044,93.7137,91.9102
5.24444,1.72788e-05,3649.17485,5.24444,2.86297e-06,3835.30393,93.9127,92.21638
5.25556,1.75451e-05,3656.91505,5.25556,3.2121e-06,3843.52182,94.1116,92.49516
5.26667,1.7816e-05,3664.65653,5.26667,3.56578e-06,3851.72,94.3106,92.75287
5.27778,1.80926e-05,3672.39869,5.27778,3.91654e-06,3859.90267,94.5096,92.99438
5.28889,1.83753e-05,3680.14101,5.28889,4.25788e-06,3868.07285,94.7085,93.22335
5.3,1.86642e-05,3687.88299,5.3,4.58392e-06,3876.23276,94.9075,93.44227
5.31111,1.89583e-05,3695.62425,5.31111,4.88922e-06,3884.38406,95.1065,93.65331
5.32222,1.92563e-05,3703.36445,5.32222,5.16882e-06,3892.52802,95.3054,93.85817
5.33333,1.95564e-05,3711.10338,5.33333,5.4183e-06,3900.66565,95.5044,94.05787
5.34444,1.98563e-05,3718.84089,5.34444,5.63385e-06,3908.79775,95.7034,94.25346
5.35556,2.01534e-05,3726.57693,5.35556,5.81238e-06,3916.92496,95.9024,94.44563
5.36667,2.0445e-05,3734.31152,5.36667,5.95161e-06,3925.04779,96.1013,94.63497
5.37778,2.07286e-05,3742.04475,5.37778,6.05016e-06,3933.16665,96.3003,94.8216
5.38889,2.10012e-05,3749.77677,5.38889,6.10762e-06,3941.28187,96.4993,95.0058
5.4,2.12604e-05,3757.50778,5.4,6.12456e-06,3949.39371,96.6982,95.18773
5.41111,2.15036e-05,3765.23801,5.41111,6.10254e-06,3957.5024,96.8972,95.36718
5.42222,2.17288e-05,3772.96774,5.42222,6.04407e-06,3965.6081,97.0962,95.54416
5.43333,2.19339e-05,3780.69722,5.43333,5.95251e-06,3973.71098,97.2951,95.71866
5.44444,2.21174e-05,3788.42673,5.44444,5.83194e-06,3981.81122,97.4941,95.89038
5.45556,2.22783e-05,3796.15657,5.45556,5.68693e-06,3989.909,97.6931,96.05934
5.46667,2.24161e-05,3803.88698,5.46667,5.52235e-06,3998.00459,97.892,96.22562
5.47778,2.25308e-05,3811.61821,5.47778,5.34307e-06,4006.0983,98.091,96.38909
5.48889,2.26234e-05,3819.35047,5.48889,5.1537e-06,4014.19053,98.29,96.55006
5.5,2.26954e-05,3827.08397,5.5,4.95828e-06,4022.28179,98.4889,96.70892
5.51111,2.27493e-05,3834.81884,5.51111,4.76004e-06,4030.37267,98.6879,96.86593
5.52222,2.27883e-05,3842.55519,5.52222,4.56124e-06,4038.4638,98.8869,97.02171
5.53333,2.28164e-05,3850.29308,5.53333,4.36301e-06,4046.55586,99.0858,97.17698
5.54444,2.28379e-05,3858.0325,5.54444,4.1654e-06,4054.64944,99.2848,97.33213
5.55556,2.2858e-05,3865.77341,5.55556,3.96741e-06,4062.745,99.4838,97.48779
5.56667,2.28818e-05,3873.51568,5.56667,3.76712e-06,4070.8428,99.6827,97.64442
5.57778,2.29145e-05,3881.25914,5.57778,3.56193e-06,4078.94275,99.8817,97.80191
5.58889,2.29609e-05,3889.00354,5.58889,3.34875e-06,4087.04434,100.081,97.95979
5.6,2.30255e-05,3896.7486,5.6,3.1242e-06,4095.14648,100.28,98.11788
5.61111,2.31118e-05,3904.49399,5.61111,2.88491e-06,4103.24732,100.479,98.27434
5.62222,2.32224e-05,3912.23933,5.62222,2.62785e-06,4111.34385,100.678,98.42652
5.63333,2.33586e-05,3919.98426,5.63333,2.35089e-06,4119.43118,100.877,98.56992
5.64444,2.35206e-05,3927.7284,5.64444,2.05391e-06,4127.50103,101.076,98.69662
5.65556,2.37075e-05,3935.4714,5.65556,1.74125e-06,4135.53841,101.274,98.79301
5.66667,2.39174e-05,3943.21294,5.66667,1.42779e-06,4143.51465,101.473,98.82871
5.67778,2.41471e-05,3950.95275,5.67778,1.15456e-06,4151.37732,101.672,98.75257
5.68889,2.4393e-05,3958.69063,5.68889,1.01634e-06,4159.07686,101.871,98.51522
5.7,2.46512e-05,3966.42644,5.7,1.13042e-06,4166.71908,102.07,98.22264
5.71111,2.49171e-05,3974.16009,5.71111,1.49139e-06,4174.49955,102.269,98.07046
5.72222,2.51865e-05,3981.89158,5.72222,2.00959e-06,4182.427,102.468,98.06743
5.73333,2.54552e-05,3989.62096,5.73333,2.62418e-06,4190.44052,102.667,98.15256
5.74444,2.57194e-05,3997.34837,5.74444,3.30458e-06,4198.50052,102.866,98.28615
5.75556,2.59754e-05,4005.07397,5.75556,4.03297e-06,4206.5866,103.065,98.44763
5.76667,2.62203e-05,4012.798,5.76667,4.79607e-06,4214.68812,103.264,98.62612
5.77778,2.64513e-05,4020.52074,5.77778,5.58205e-06,4222.79915,103.463,98.81541
5.78889,2.6666e-05,4028.24249,5.78889,6.37934e-06,4230.91619,103.662,99.0117
5.8,2.68625e-05,4035.96362,5.8,7.17635e-06,4239.03706,103.861,99.21244
5.81111,2.7039e-05,4043.6845,5.81111,7.9615e-06,4247.16036,104.06,99.41587
5.82222,2.71938e-05,4051.40552,5.82222,8.72336e-06,4255.28514,104.259,99.62062
5.83333,2.73254e-05,4059.12711,5.83333,9.45096e-06,4263.41075,104.458,99.82564
5.84444,2.74328e-05,4066.84967,5.84444,1.0134e-05,4271.53674,104.657,100.03007
5.85556,2.75148e-05,4074.57363,5.85556,1.07632e-05,4279.66279,104.856,100.23315
5.86667,2.75711e-05,4082.29939,5.86667,1.13305e-05,4287.78866,105.055,100.43427
5.87778,2.76014e-05,4090.02732,5.87778,1.18289e-05,4295.91421,105.254,100.63289
5.88889,2.76066e-05,4097.7578,5.88889,1.22533e-05,4304.03935,105.453,100.82855
5.9,2.75883e-05,4105.49114,5.9,1.25999e-05,4312.16401,105.652,101.02088
5.91111,2.7549e-05,4113.22762,5.91111,1.28663e-05,4320.28819,105.851,101.20957
5.92222,2.74926e-05,4120.96746,5.92222,1.30516e-05,4328.4119,106.05,101.39444
5.93333,2.74242e-05,4128.71082,5.93333,1.31565e-05,4336.5352,106.249,101.57538
5.94444,2.735e-05,4136.45777,5.94444,1.31825e-05,4344.65814,106.448,101.75238
5.95556,2.72771e-05,4144.20829,5.95556,1.31323e-05,4352.78085,106.647,101.92556
5.96667,2.72134e-05,4151.96227,5.96667,1.30095e-05,4360.90344,106.846,102.09517
5.97778,2.71668e-05,4159.71948,5.97778,1.28181e-05,4369.02605,107.045,102.26158
5.98889,2.71449e-05,4167.47957,5.98889,1.25627e-05,4377.14885,107.244,102.42529
6.0,2.71545e-05,4175.24209,6.0,1.22484e-05,4385.27202,107.442,102.58793
6.01111,2.72006e-05,4183.00652,6.01111,1.18803e-05,4393.39575,107.641,102.74823
6.02222,2.7286e-05,4190.77222,6.02222,1.14639e-05,4401.52024,107.84,102.90802
6.03333,2.74109e-05,4198.53855,6.03333,1.10046e-05,4409.64571,108.039,103.06815
6.04444,2.75727e-05,4206.30485,6.04444,1.0508e-05,4417.77237,108.238,103.22952
6.05556,2.77661e-05,4214.07047,6.05556,9.97986e-06,4425.90046,108.437,103.39299
6.06667,2.79832e-05,4221.83484,6.06667,9.4261e-06,4434.03022,108.636,103.55938
6.07778,2.82138e-05,4229.59747,6.07778,8.85274e-06,4442.16192,108.835,103.72945
6.08889,2.84466e-05,4237.35795,6.08889,8.26601e-06,4450.29585,109.034,103.9039
6.1,2.86693e-05,4245.11601,6.1,7.67232e-06,4458.43236,109.233,104.08335
6.11111,2.88695e-05,4252.87143,6.11111,7.07829e-06,4466.57184,109.432,104.26841
6.12222,2.90354e-05,4260.62413,6.12222,6.49066e-06,4474.71478,109.631,104.45965
6.13333,2.91563e-05,4268.3741,6.13333,5.91631e-06,4482.86178,109.83,104.65769
6.14444,2.92231e-05,4276.12139,6.14444,5.36217e-06,4491.01357,110.029,104.86318
6.15556,2.92286e-05,4283.86615,6.15556,4.83516e-06,4499.17107,110.228,105.07691
6.16667,2.91674e-05,4291.60856,6.16667,4.34211e-06,4507.33533,110.427,105.29977
6.17778,2.90365e-05,4299.34887,6.17778,3.88968e-06,4515.50758,110.626,105.53271
6.18889,2.88347e-05,4307.08736,6.18889,3.48425e-06,4523.68903,110.825,105.77667
6.2,2.85628e-05,4314.82437,6.2,3.13169e-06,4531.88064,111.024,106.03227
6.21111,2.82232e-05,4322.56028,6.21111,2.8371e-06,4540.08265,111.223,106.29937
6.22222,2.78197e-05,4330.29551,6.22222,2.60422e-06,4548.29399,111.422,106.57648
6.23333,2.73574e-05,4338.03052,6.23333,2.43479e-06,4556.51182,111.621,106.8603
6.24444,2.68423e-05,4345.76582,6.24444,2.32784e-06,4564.73159,111.82,107.14577
6.25556,2.62811e-05,4353.50194,6.25556,2.2795e-06,4572.94786,112.019,107.42692
6.26667,2.56812e-05,4361.23946,6.26667,2.28349e-06,4581.15579,112.218,107.69833
6.27778,2.50506e-05,4368.97896,6.27778,2.33214e-06,4589.3523,112.417,107.95634
6.28889,2.43979e-05,4376.72104,6.28889,2.41754e-06,4597.5365,112.616,108.19947
6.3,2.37322e-05,4384.46628,6.3,2.53223e-06,4605.70931,112.815,108.42802
6.31111,2.30636e-05,4392.21526,6.31111,2.6695e-06,4613.87269,113.014,108.64343
6.32222,2.24029e-05,4399.96847,6.32222,2.82326e-06,4622.02903,113.213,108.84755
6.33333,2.17614e-05,4407.72632,6.33333,2.988e-06,4630.1806,113.411,109.04328
6.34444,2.11515e-05,4415.48906,6.34444,3.15858e-06,4638.32937,113.61,109.2303
6.35556,2.05855e-05,4423.25678,6.35556,3.33034e-06,4646.47689,113.809,109.41111
6.36667,2.00754e-05,4431.02933,6.36667,3.4991e-06,4654.62433,114.008,109.587
6.37778,1.96322e-05,4438.80626,6.37778,3.66136e-06,4662.77245,114.207,109.75919
6.38889,1.92647e-05,4446.58687,6.38889,3.81444e-06,4670.92174,114.406,109.92887
6.4,1.89785e-05,4454.37018,6.4,3.95658e-06,4679.07241,114.605,110.09723
6.41111,1.87752e-05,4462.155,6.41111,4.08701e-06,4687.22447,114.804,110.26547
6.42222,1.8652e-05,4469.93999,6.42222,4.20601e-06,4695.37771,115.003,110.43471
6.43333,1.86013e-05,4477.72384,6.43333,4.31478e-06,4703.53174,115.202,110.6059
6.44444,1.86118e-05,4485.5053,6.44444,4.4154e-06,4711.68605,115.401,110.77975
6.45556,1.86687e-05,4493.28331,6.45556,4.51061e-06,4719.83994,115.6,110.95663
6.46667,1.87556e-05,4501.05703,6.46667,4.60367e-06,4727.99262,115.799,111.1366
6.47778,1.88552e-05,4508.82585,6.47778,4.69814e-06,4736.14324,115.998,111.31939
6.48889,1.89512e-05,4516.58938,6.48889,4.79772e-06,4744.29091,116.197,111.50453
6.5,1.90289e-05,4524.34743,6.5,4.90615e-06,4752.43481,116.396,111.69138
6.51111,1.9076e-05,4532.09993,6.51111,5.02707e-06,4760.57426,116.595,111.87933
6.52222,1.90832e-05,4539.84691,6.52222,5.16403e-06,4768.70876,116.794,112.06786
6.53333,1.90448e-05,4547.58848,6.53333,5.32035e-06,4776.83809,116.993,112.25661
6.54444,1.89578e-05,4555.32481,6.54444,5.49905e-06,4784.96231,117.192,112.4455
6.55556,1.88229e-05,4563.05611,6.55556,5.70273e-06,4793.08178,117.391,112.63468
6.56667,1.86431e-05,4570.7826,6.56667,5.9333e-06,4801.19711,117.59,112.82451
6.57778,1.84242e-05,4578.50459,6.57778,6.19178e-06,4809.30911,117.789,113.01552
6.58889,1.81733e-05,4586.22241,6.58889,6.47804e-06,4817.41869,117.988,113.20828
6.6,1.78989e-05,4593.93645,6.6,6.79064e-06,4825.52679,118.187,113.40334
6.61111,1.761e-05,4601.6472,6.61111,7.12678e-06,4833.6343,118.386,113.60111
6.62222,1.73155e-05,4609.35519,6.62222,7.48229e-06,4841.74199,118.585,113.8018
6.63333,1.70234e-05,4617.06105,6.63333,7.85188e-06,4849.85047,118.784,114.00542
6.64444,1.67408e-05,4624.76547,6.64444,8.22934e-06,4857.96022,118.983,114.21175
6.65556,1.64731e-05,4632.46919,6.65556,8.60794e-06,4866.07155,119.182,114.42037
6.66667,1.62243e-05,4640.17295,6.66667,8.98078e-06,4874.18467,119.381,114.63072
6.67778,1.59969e-05,4647.8775,6.67778,9.34119e-06,4882.29967,119.579,114.84316
6.68889,1.57919e-05,4655.58356,6.68889,9.68306e-06,4890.41658,119.778,115.05502
6.7,1.56095e-05,4663.29174,6.7,1.00011e-05,4898.53538,119.977,115.26663
6.71111,1.54492e-05,4671.0026,6.71111,1.02912e-05,4906.65601,120.176,115.47741
6.72222,1.53104e-05,4678.71656,6.72222,1.05504e-05,4914.77841,120.375,115.68685
6.73333,1.51924e-05,4686.43395,6.73333,1.0777e-05,4922.9025,120.574,115.89454
6.74444,1.5095e-05,4694.15497,6.74444,1.09707e-05,4931.02819,120.773,116.10022
6.75556,1.50186e-05,4701.87971,6.75556,1.11323e-05,4939.1554,120.972,116.30369
6.76667,1.49641e-05,4709.60816,6.76667,1.12635e-05,4947.28404,121.171,116.50488
6.77778,1.49329e-05,4717.34022,6.77778,1.13668e-05,4955.41402,121.37,116.7038
6.78889,1.49267e-05,4725.07573,6.78889,1.14453e-05,4963.54525,121.569,116.90052
6.8,1.49474e-05,4732.81444,6.8,1.15021e-05,4971.67761,121.768,117.09517
6.81111,1.49968e-05,4740.55607,6.81111,1.154e-05,4979.81097,121.967,117.2879
6.82222,1.50764e-05,4748.30031,6.82222,1.15614e-05,4987.94517,122.166,117.47887
6.83333,1.51872e-05,4756.04683,6.83333,1.15679e-05,4996.08006,122.365,117.66824
6.84444,1.53296e-05,4763.79531,6.84444,1.156e-05,5004.21545,122.564,117.85614
6.85556,1.5503e-05,4771.54545,6.85556,1.15372e-05,5012.35113,122.763,118.04267
6.86667,1.57062e-05,4779.29697,6.86667,1.14973e-05,5020.48688,122.962,118.2279
6.87778,1.59373e-05,4787.04965,6.87778,1.14372e-05,5028.62249,123.161,118.41184
6.88889,1.61934e-05,4794.80328,6.88889,1.13523e-05,5036.75775,123.36,118.59447
6.9,1.64713e-05,4802.55772,6.9,1.12372e-05,5044.89244,123.559,118.77572
6.91111,1.6767e-05,4810.31288,6.91111,1.10858e-05,5053.02638,123.758,118.9555
6.92222,1.70766e-05,4818.06866,6.92222,1.08916e-05,5061.15938,123.957,119.13372
6.93333,1.73959e-05,4825.82505,6.93333,1.06481e-05,5069.2913,124.156,119.31025
6.94444,1.77208e-05,4833.582,6.94444,1.03495e-05,5077.42199,124.355,119.48499
6.95556,1.80475e-05,4841.33951,6.95556,9.99068e-06,5085.55133,124.554,119.65782
6.96667,1.83726e-05,4849.09756,6.96667,9.56819e-06,5093.67922,124.753,119.82866
6.97778,1.86931e-05,4856.85614,6.97778,9.08017e-06,5101.80557,124.952,119.99743
6.98889,1.90067e-05,4864.6152,6.98889,8.52682e-06,5109.93032,125.151,120.16412
7.0,1.93116e-05,4872.37471,7.0,7.91061e-06,5118.05345,125.35,120.32874
7.01111,1.96066e-05,4880.1346,7.01111,7.23632e-06,5126.17498,125.549,120.49138
7.02222,1.98912e-05,4887.89476,7.02222,6.51102e-06,5134.29501,125.747,120.65325
7.03333,2.01651e-05,4895.65511,7.03333,5.74389e-06,5142.41383,125.946,120.81272
7.04444,2.04285e-05,4903.4155,7.04444,4.94596e-06,5150.53203,126.145,120.97153
7.05556,2.06817e-05,4911.1758,7.05556,4.12965e-06,5158.65087,126.344,121.13107
7.06667,2.09253e-05,4918.93585,7.06667,3.30845e-06,5166.77302,126.543,121.29417
7.07778,2.11595e-05,4926.69549,7.07778,2.49656e-06,5174.90485,126.742,121.46736
7.08889,2.13848e-05,4934.45458,7.08889,1.70977e-06,5183.06421,126.941,121.66863
7.1,2.16009e-05,4942.21298,7.1,9.72427e-07,5191.32042,127.14,121.96744
7.11111,2.18075e-05,4949.97055,7.11111,4.0539e-07,5200.15133,127.339,122.84177
7.12222,2.20038e-05,4957.72721,7.12222,6.34679e-07,5209.6057,127.538,124.34048
7.13333,2.21888e-05,4965.48289,7.13333,1.21195e-06,5217.98258,127.737,124.76268
7.14444,2.23609e-05,4973.23756,7.14444,1.78306e-06,5226.14351,127.936,124.96995
7.15556,2.25183e-05,4980.99123,7.15556,2.31946e-06,5234.24651,128.135,125.12028
7.16667,2.2659e-05,4988.74394,7.16667,2.82078e-06,5242.3245,128.334,125.24656
7.17778,2.27809e-05,4996.49577,7.17778,3.29212e-06,5250.38916,128.533,125.36039
7.18889,2.28815e-05,5004.24685,7.18889,3.73973e-06,5258.44647,128.732,125.46762
7.2,2.29589e-05,5011.99733,7.2,4.16876e-06,5266.50042,128.931,125.57209
7.21111,2.30109e-05,5019.74739,7.21111,4.58175e-06,5274.55407,129.13,125.67668
7.22222,2.3036e-05,5027.49723,7.22222,4.97768e-06,5282.60983,129.329,125.78359
7.23333,2.3033e-05,5035.24709,7.23333,5.3517e-06,5290.66955,129.528,125.89446
7.24444,2.30012e-05,5042.9972,7.24444,5.69552e-06,5298.73457,129.727,126.01037
7.25556,2.29408e-05,5050.74781,7.25556,5.99825e-06,5306.80576,129.926,126.13196
7.26667,2.28529e-05,5058.49916,7.26667,6.24763e-06,5314.88366,130.125,126.25951
7.27778,2.27394e-05,5066.25148,7.27778,6.43127e-06,5322.96856,130.324,126.39308
7.28889,2.26034e-05,5074.005,7.28889,6.53799e-06,5331.06065,130.523,126.53265
7.3,2.24492e-05,5081.75992,7.3,6.5589e-06,5339.16013,130.722,126.67821
7.31111,2.22819e-05,5089.51639,7.31111,6.48844e-06,5347.26731,130.921,126.82992
7.32222,2.2108e-05,5097.27452,7.32222,6.3251e-06,5355.38276,131.12,126.98824
7.33333,2.19346e-05,5105.03435,7.33333,6.07206e-06,5363.50739,131.319,127.15404
7.34444,2.17695e-05,5112.79585,7.34444,5.73762e-06,5371.64266,131.518,127.32881
7.35556,2.16212e-05,5120.55891,7.35556,5.33557e-06,5379.79079,131.717,127.51488
7.36667,2.14977e-05,5128.32331,7.36667,4.8856e-06,5387.95496,131.915,127.71666
7.37778,2.14072e-05,5136.08873,7.37778,4.41366e-06,5396.13951,132.114,127.93678
7.38889,2.13565e-05,5143.85475,7.38889,3.95241e-06,5404.34972,132.313,128.18197
7.4,2.13515e-05,5151.62089,7.4,3.54085e-06,5412.59045,132.512,128.45756
7.41111,2.13964e-05,5159.38657,7.41111,3.22109e-06,5420.86247,132.711,128.76489
7.42222,2.14935e-05,5167.15121,7.42222,3.02909e-06,5429.15676,132.91,129.09556
7.43333,2.16433e-05,5174.91419,7.43333,2.97993e-06,5437.45246,133.109,129.42927
7.44444,2.18442e-05,5182.67497,7.44444,3.05896e-06,5445.72491,133.308,129.74194
7.45556,2.20931e-05,5190.43302,7.45556,3.23044e-06,5453.95782,133.507,130.01779
7.46667,2.23851e-05,5198.18795,7.46667,3.45599e-06,5462.14691,133.706,130.25296
7.47778,2.27145e-05,5205.93942,7.47778,3.70776e-06,5470.2954,133.905,130.45098
7.48889,2.3075e-05,5213.68722,7.48889,3.9722e-06,5478.40924,134.104,130.61801
7.5,2.34597e-05,5221.43125,7.5,4.24843e-06,5486.49482,134.303,130.76057
7.51111,2.3862e-05,5229.17147,7.51111,4.54435e-06,5494.55858,134.502,130.88511
7.52222,2.42754e-05,5236.90795,7.52222,4.87185e-06,5502.60703,134.701,130.99807
7.53333,2.46941e-05,5244.64083,7.53333,5.24194e-06,5510.64662,134.9,131.10579
7.54444,2.51127e-05,5252.3703,7.54444,5.6606e-06,5518.68334,135.099,131.21404
7.55556,2.55264e-05,5260.0966,7.55556,6.12637e-06,5526.72207,135.298,131.32747
7.56667,2.59312e-05,5267.81999,7.56667,6.62996e-06,5534.76626,135.497,131.44927
7.57778,2.63234e-05,5275.54079,7.57778,7.15555e-06,5542.81791,135.696,131.58112
7.58889,2.66999e-05,5283.2593,7.58889,7.68296e-06,5550.87779,135.895,131.7235
7.6,2.70579e-05,5290.97585,7.6,8.18994e-06,5558.94589,136.094,131.87604
7.61111,2.73948e-05,5298.69077,7.61111,8.65422e-06,5567.02168,136.293,132.03791
7.62222,2.77082e-05,5306.40438,7.62222,9.0552e-06,5575.10444,136.492,132.20806
7.63333,2.79958e-05,5314.11702,7.63333,9.37507e-06,5583.1934,136.691,132.38538
7.64444,2.82555e-05,5321.82897,7.64444,9.59981e-06,5591.2878,136.89,132.56883
7.65556,2.84852e-05,5329.54054,7.65556,9.71963e-06,5599.387,137.089,132.75746
7.66667,2.86829e-05,5337.25199,7.66667,9.72939e-06,5607.49046,137.288,132.95047
7.67778,2.88471e-05,5344.96359,7.67778,9.6286e-06,5615.59776,137.487,133.14717
7.68889,2.89765e-05,5352.67555,7.68889,9.42129e-06,5623.70857,137.686,133.34702
7.7,2.90704e-05,5360.38809,7.7,9.11575e-06,5631.82269,137.885,133.5496
7.71111,2.91287e-05,5368.10141,7.71111,8.72396e-06,5639.94003,138.083,133.75561
7.72222,2.91521e-05,5375.81569,7.72222,8.26102e-06,5648.06059,138.282,133.9629
7.73333,2.91418e-05,5383.53108,7.73333,7.74444e-06,5656.18448,138.481,134.17241
7.74444,2.91002e-05,5391.24773,7.74444,7.19329e-06,5664.31191,138.68,134.38418
7.75556,2.90303e-05,5398.96581,7.75556,6.62744e-06,5672.44314,138.879,134.59834
7.76667,2.8936e-05,5406.68543,7.76667,6.06665e-06,5680.57847,139.078,134.81504
7.77778,2.88219e-05,5414.40675,7.77778,5.52976e-06,5688.71813,139.277,135.03438
7.78889,2.86932e-05,5422.1299,7.78889,5.0339e-06,5696.86214,139.476,135.25624
7.8,2.85556e-05,5429.85501,7.8,4.59369e-06,5705.01009,139.675,135.48008
7.81111,2.84149e-05,5437.58223,7.81111,4.22056e-06,5713.16098,139.874,135.70475
7.82222,2.82772e-05,5445.31168,7.82222,3.92214e-06,5721.31296,140.073,135.92828
7.83333,2.81483e-05,5453.04347,7.83333,3.702e-06,5729.46349,140.272,136.14801
7.84444,2.80338e-05,5460.77773,7.84444,3.5597e-06,5737.60971,140.471,136.36098
7.85556,2.79388e-05,5468.51452,7.85556,3.49134e-06,5745.7491,140.67,136.56458
7.86667,2.78677e-05,5476.25392,7.86667,3.4903e-06,5753.88017,140.869,136.75725
7.87778,2.78242e-05,5483.99594,7.87778,3.54806e-06,5762.00274,141.068,136.9388
7.88889,2.7811e-05,5491.74058,7.88889,3.65475e-06,5770.11782,141.267,137.11023
7.9,2.78298e-05,5499.48779,7.9,3.79941e-06,5778.22713,141.466,137.27334
7.91111,2.78812e-05,5507.23746,7.91111,3.97026e-06,5786.33263,141.665,137.43017
7.92222,2.79649e-05,5514.98947,7.92222,4.15487e-06,5794.43614,141.864,137.58267
7.93333,2.80791e-05,5522.74364,7.93333,4.34061e-06,5802.53912,142.063,137.73248
7.94444,2.82211e-05,5530.49977,7.94444,4.51506e-06,5810.6427,142.262,137.88093
7.95556,2.83871e-05,5538.25763,7.95556,4.66656e-06,5818.74769,142.461,138.02906
7.96667,2.85724e-05,5546.01697,7.96667,4.78463e-06,5826.85471,142.66,138.17774
7.97778,2.87714e-05,5553.77752,7.97778,4.86047e-06,5834.96424,142.859,138.32772
7.98889,2.89779e-05,5561.53904,7.98889,4.88719e-06,5843.07677,143.058,138.47973
8.0,2.91853e-05,5569.30125,8.0,4.86014e-06,5851.19282,143.257,138.63457
8.01111,2.93866e-05,5577.06391,8.01111,4.777e-06,5859.31306,143.456,138.79315
8.02222,2.9575e-05,5584.82678,8.02222,4.63788e-06,5867.43837,143.655,138.95658
8.03333,2.9744e-05,5592.58963,8.03333,4.44538e-06,5875.56994,143.854,139.1263
8.04444,2.98874e-05,5600.35225,8.04444,4.20456e-06,5883.70942,144.052,139.30517
8.05556,3e-05,5608.11444,8.05556,3.92305e-06,5891.85909,144.251,139.49365
8.06667,3.00771e-05,5615.87602,8.06667,3.6112e-06,5900.0221,144.45,139.69608
8.07778,3.01154e-05,5623.63681,8.07778,3.2824e-06,5908.2027,144.649,139.91689
8.08889,3.01124e-05,5631.39667,8.08889,2.95374e-06,5916.40644,144.848,140.16178
8.1,3.00669e-05,5639.15543,8.1,2.64667e-06,5924.63975,145.047,140.43732
8.11111,2.99789e-05,5646.91299,8.11111,2.38723e-06,5932.90808,145.246,140.74909
8.12222,2.98494e-05,5654.66921,8.12222,2.20373e-06,5941.2113,145.445,141.0971
8.13333,2.96805e-05,5662.424,8.13333,2.11929e-06,5949.53789,145.644,141.46989
8.14444,2.94753e-05,5670.17729,8.14444,2.14077e-06,5957.86507,145.843,141.84479
8.15556,2.92373e-05,5677.92901,8.15556,2.25376e-06,5966.16997,146.042,142.19896
8.16667,2.8971e-05,5685.67913,8.16667,2.42997e-06,5974.4408,146.241,142.52067
8.17778,2.86806e-05,5693.42767,8.17778,2.63923e-06,5982.67733,146.44,142.80967
8.18889,2.8371e-05,5701.17464,8.18889,2.85656e-06,5990.88501,146.639,143.07137
8.2,2.80464e-05,5708.92011,8.2,3.06362e-06,5999.07034,146.838,143.31223
8.21111,2.77107e-05,5716.66418,8.21111,3.24787e-06,6007.23897,147.037,143.53779
8.22222,2.73673e-05,5724.407,8.22222,3.40127e-06,6015.3953,147.236,143.7523
8.23333,2.70186e-05,5732.14872,8.23333,3.51922e-06,6023.54257,147.435,143.95885
8.24444,2.66658e-05,5739.88954,8.24444,3.59985e-06,6031.68316,147.634,144.15963
8.25556,2.63095e-05,5747.62968,8.25556,3.64351e-06,6039.81883,147.833,144.35616
8.26667,2.59488e-05,5755.36935,8.26667,3.6524e-06,6047.95081,148.032,144.54946
8.27778,2.55818e-05,5763.1088,8.27778,3.63025e-06,6056.07999,148.231,144.74019
8.28889,2.52058e-05,5770.84824,8.28889,3.58206e-06,6064.20692,148.43,144.92868
8.3,2.48172e-05,5778.58788,8.3,3.51379e-06,6072.3319,148.629,145.11502
8.31111,2.44121e-05,5786.32791,8.31111,3.43214e-06,6080.45499,148.828,145.29908
8.32222,2.39859e-05,5794.06849,8.32222,3.3442e-06,6088.576,149.027,145.48051
8.33333,2.35346e-05,5801.80976,8.33333,3.25723e-06,6096.69456,149.226,145.6588
8.34444,2.30539e-05,5809.5518,8.34444,3.17838e-06,6104.81011,149.425,145.83331
8.35556,2.25402e-05,5817.29468,8.35556,3.11445e-06,6112.92201,149.624,146.00333
8.36667,2.19909e-05,5825.03844,8.36667,3.07165e-06,6121.02967,149.823,146.16823
8.37778,2.14038e-05,5832.78308,8.37778,3.05547e-06,6129.13265,150.022,146.32757
8.38889,2.07779e-05,5840.52856,8.38889,3.07046e-06,6137.23084,150.22,146.48228
8.4,2.01133e-05,5848.27485,8.4,3.12008e-06,6145.32457,150.419,146.63071
8.41111,1.94111e-05,5856.02188,8.41111,3.2065e-06,6153.41453,150.618,146.77464
8.42222,1.86733e-05,5863.76956,8.42222,3.33037e-06,6161.50173,150.817,146.91517
8.43333,1.79028e-05,5871.51781,8.43333,3.49075e-06,6169.58731,151.016,147.05351
8.44444,1.71035e-05,5879.2665,8.44444,3.685e-06,6177.67233,151.215,147.19082
8.45556,1.62798e-05,5887.01555,8.45556,3.9088e-06,6185.75763,151.414,147.32807
8.46667,1.54365e-05,5894.76485,8.46667,4.15636e-06,6193.84379,151.613,147.46594
8.47778,1.45788e-05,5902.51429,8.47778,4.42056e-06,6201.93111,151.812,147.60481
8.48889,1.37121e-05,5910.2638,8.48889,4.6933e-06,6210.01965,152.011,147.74485
8.5,1.28417e-05,5918.01332,8.5,4.9658e-06,6218.1093,152.21,147.88598
8.51111,1.19726e-05,5925.76281,8.51111,5.22891e-06,6226.19982,152.409,148.02801
8.52222,1.11097e-05,5933.5123,8.52222,5.4735e-06,6234.29087,152.608,148.17057
8.53333,1.02574e-05,5941.26187,8.53333,5.69076e-06,6242.38207,152.807,148.3132
8.54444,9.41952e-06,5949.01169,8.54444,5.87259e-06,6250.47299,153.006,148.4553
8.55556,8.59943e-06,5956.76206,8.55556,6.01187e-06,6258.56315,153.205,148.59609
8.56667,7.79992e-06,5964.51345,8.56667,6.10281e-06,6266.65202,153.404,148.73457
8.57778,7.02328e-06,5972.26655,8.57778,6.14118e-06,6274.73901,153.603,148.86946
8.58889,6.27137e-06,5980.02242,8.58889,6.12458e-06,6282.82345,153.802,148.99903
8.6,5.54582e-06,5987.78261,8.6,6.05265e-06,6290.90454,154.001,149.12093
8.61111,4.84838e-06,5995.54947,8.61111,5.92724e-06,6298.98137,154.2,149.2319
8.62222,4.18137e-06,6003.32662,8.62222,5.75255e-06,6307.05286,154.399,149.32724
8.63333,3.54871e-06,6011.11981,8.63333,5.53525e-06,6315.11775,154.598,149.39993
8.64444,2.95765e-06,6018.93844,8.64444,5.28453e-06,6323.17457,154.797,149.43913
8.65556,2.4223e-06,6026.79802,8.65556,5.01209e-06,6331.22177,154.996,149.42775
8.66667,1.97033e-06,6034.72253,8.66667,4.73196e-06,6339.2578,155.195,149.34027
8.67778,1.65194e-06,6042.73756,8.67778,4.46005e-06,6347.28143,155.394,149.14987
8.68889,1.53338e-06,6050.83133,8.68889,4.21315e-06,6355.29234,155.593,148.868
8.7,1.64222e-06,6058.91773,8.7,4.00728e-06,6363.29171,155.792,148.58199
8.71111,1.92737e-06,6066.91833,8.71111,3.85511e-06,6371.28292,155.991,148.37358
8.72222,2.31342e-06,6074.8295,8.72222,3.76324e-06,6379.27144,156.19,148.25194
8.73333,2.74782e-06,6082.67782,8.73333,3.73029e-06,6387.26406,156.388,148.19823
8.74444,3.20086e-06,6090.4861,8.74444,3.74698e-06,6395.26724,156.587,148.19414
8.75556,3.65543e-06,6098.26876,8.75556,3.79841e-06,6403.28586,156.786,148.2311
8.76667,4.10069e-06,6106.03449,8.76667,3.86732e-06,6411.32268,156.985,148.30319
8.77778,4.52886e-06,6113.78857,8.77778,3.93718e-06,6419.3787,157.184,148.40613
8.78889,4.93381e-06,6121.53431,8.78889,3.99422e-06,6427.45388,157.383,148.53657
8.8,5.3104e-06,6129.2738,8.8,4.02857e-06,6435.54775,157.582,148.69195
8.81111,5.65421e-06,6137.00842,8.81111,4.03471e-06,6443.6599,157.781,148.87048
8.82222,5.96143e-06,6144.73908,8.82222,4.01162e-06,6451.79022,157.98,149.07114
8.83333,6.22895e-06,6152.46634,8.83333,3.96282e-06,6459.93887,158.179,149.29353
8.84444,6.45435e-06,6160.19054,8.84444,3.89619e-06,6468.10624,158.378,149.5377
8.85556,6.63607e-06,6167.91186,8.85556,3.82375e-06,6476.29258,158.577,149.80371
8.86667,6.77349e-06,6175.63034,8.86667,3.76088e-06,6484.49742,158.776,150.09108
8.87778,6.86702e-06,6183.34591,8.87778,3.72479e-06,6492.71892,158.975,150.39801
8.88889,6.91823e-06,6191.05842,8.88889,3.73208e-06,6500.95327,159.174,150.72085
8.9,6.92993e-06,6198.76764,8.9,3.79549e-06,6509.19469,159.373,151.05405
8.91111,6.90621e-06,6206.47332,8.91111,3.92112e-06,6517.43639,159.572,151.39107
8.92222,6.85248e-06,6214.17515,8.92222,4.10716e-06,6525.67208,159.771,151.72593
8.93333,6.77545e-06,6221.87287,8.93333,4.34481e-06,6533.89726,159.97,152.05438
8.94444,6.683e-06,6229.56629,8.94444,4.62071e-06,6542.10967,160.169,152.37439
8.95556,6.58405e-06,6237.25533,8.95556,4.91949e-06,6550.30898,160.368,152.68565
8.96667,6.48815e-06,6244.94018,8.96667,5.22584e-06,6558.49605,160.567,152.98887
8.97778,6.40511e-06,6252.62133,8.97778,5.52566e-06,6566.67239,160.766,153.28507
8.98889,6.34436e-06,6260.29965,8.98889,5.80666e-06,6574.83971,160.965,153.57506
9.0,6.31426e-06,6267.97645,9.0,6.0585e-06,6582.99969,161.164,153.85924
9.01111,6.32148e-06,6275.65338,9.01111,6.27281e-06,6591.15392,161.363,154.13753
9.02222,6.37042e-06,6283.33236,9.02222,6.44306e-06,6599.30386,161.562,154.4095
9.03333,6.46304e-06,6291.0153,9.03333,6.56439e-06,6607.45087,161.761,154.67457
9.04444,6.5989e-06,6298.70396,9.04444,6.63352e-06,6615.59626,161.96,154.9323
9.05556,6.77566e-06,6306.39973,9.05556,6.64861e-06,6623.74131,162.159,155.18258
9.06667,6.98968e-06,6314.10353,9.06667,6.60922e-06,6631.88735,162.358,155.42582
9.07778,7.23669e-06,6321.81581,9.07778,6.51628e-06,6640.03578,162.556,155.66397
9.08889,7.51238e-06,6329.53659,9.08889,6.37222e-06,6648.18817,162.755,155.89658
9.1,7.81285e-06,6337.26555,9.1,6.18113e-06,6656.34631,162.954,156.12676
9.11111,8.1348e-06,6345.00209,9.11111,5.94911e-06,6664.51224,163.153,156.35715
9.12222,8.47559e-06,6352.74544,9.12222,5.68472e-06,6672.68838,163.352,156.59094
9.13333,8.83321e-06,6360.49474,9.13333,5.39963e-06,6680.87749,163.551,156.83175
9.14444,9.20613e-06,6368.24906,9.14444,5.10932e-06,6689.08257,163.75,157.08351
9.15556,9.59309e-06,6376.00746,9.15556,4.83371e-06,6697.30649,163.949,157.35003
9.16667,9.99298e-06,6383.76903,9.16667,4.59708e-06,6705.55116,164.148,157.63412
9.17778,1.04046e-05,6391.53292,9.17778,4.42649e-06,6713.81616,164.347,157.93624
9.18889,1.08269e-05,6399.29834,9.18889,4.34766e-06,6722.09732,164.546,158.25298
9.2,1.12583e-05,6407.06458,9.2,4.37857e-06,6730.3864,164.745,158.57682
9.21111,1.16975e-05,6414.83101,9.21111,4.52353e-06,6738.67305,164.944,158.89804
9.22222,1.21432e-05,6422.59712,9.22222,4.77159e-06,6746.94826,165.143,159.20815
9.23333,1.25939e-05,6430.36245,9.23333,5.10025e-06,6755.20682,165.342,159.50237
9.24444,1.30488e-05,6438.12666,9.24444,5.48146e-06,6763.44747,165.541,159.77981
9.25556,1.35072e-05,6445.88947,9.25556,5.88657e-06,6771.67163,165.74,160.04216
9.26667,1.3969e-05,6453.65068,9.26667,6.28917e-06,6779.88193,165.939,160.29225
9.27778,1.44347e-05,6461.41014,9.27778,6.66609e-06,6788.08128,166.138,160.53314
9.28889,1.49054e-05,6469.16778,9.28889,6.99771e-06,6796.2724,166.337,160.76762
9.3,1.53828e-05,6476.92357,9.3,7.26791e-06,6804.45768,166.536,160.99812
9.31111,1.58692e-05,6484.67752,9.31111,7.46396e-06,6812.6392,166.735,161.22668
9.32222,1.63672e-05,6492.4297,9.32222,7.57655e-06,6820.81876,166.934,161.45506
9.33333,1.68798e-05,6500.18019,9.33333,7.5998e-06,6828.99803,167.133,161.68484
9.34444,1.741e-05,6507.92914,9.34444,7.53136e-06,6837.17859,167.332,161.91746
9.35556,1.79608e-05,6515.67668,9.35556,7.37248e-06,6845.36207,167.531,162.15439
9.36667,1.85348e-05,6523.42298,9.36667,7.1281e-06,6853.55022,167.73,162.39724
9.37778,1.91339e-05,6531.16823,9.37778,6.80699e-06,6861.74503,167.929,162.6478
9.38889,1.97593e-05,6538.9126,9.38889,6.42186e-06,6869.94886,168.128,162.90826
9.4,2.04114e-05,6546.65626,9.4,5.98948e-06,6878.16453,168.327,163.18127
9.41111,2.10894e-05,6554.39938,9.41111,5.53086e-06,6886.39538,168.526,163.47
9.42222,2.17912e-05,6562.1421,9.42222,5.07133e-06,6894.64513,168.724,163.77903
9.43333,2.25137e-05,6569.88455,9.43333,4.64013e-06,6902.91732,168.923,164.10976
9.44444,2.32523e-05,6577.62683,9.44444,4.26881e-06,6911.21394,169.122,164.46511
9.45556,2.40014e-05,6585.36902,9.45556,3.98714e-06,6919.53335,169.321,164.84333
9.46667,2.47545e-05,6593.11117,9.46667,3.816e-06,6927.86831,169.52,165.23714
9.47778,2.55038e-05,6600.85332,9.47778,3.7596e-06,6936.20664,169.719,165.63432
9.48889,2.62412e-05,6608.59548,9.48889,3.80261e-06,6944.53549,169.918,166.02201
9.5,2.69577e-05,6616.33766,9.5,3.91549e-06,6952.84615,170.117,166.3915
9.51111,2.76444e-05,6624.07985,9.51111,4.06415e-06,6961.13575,170.316,166.7399
9.52222,2.82921e-05,6631.82204,9.52222,4.2179e-06,6969.40575,170.515,167.06871
9.53333,2.88921e-05,6639.56421,9.53333,4.35328e-06,6977.65972,170.714,167.38151
9.54444,2.9436e-05,6647.30635,9.54444,4.45483e-06,6985.90177,170.913,167.68241
9.55556,2.99162e-05,6655.04844,9.55556,4.51438e-06,6994.13571,171.112,167.97526
9.56667,3.03261e-05,6662.79048,9.56667,4.53005e-06,7002.36485,171.311,168.26337
9.57778,3.06602e-05,6670.53246,9.57778,4.50509e-06,7010.59193,171.51,168.54947
9.58889,3.09143e-05,6678.27439,9.58889,4.44687e-06,7018.81903,171.709,168.83564
9.6,3.10858e-05,6686.01628,9.6,4.36564e-06,7027.04759,171.908,169.12331
9.61111,3.11732e-05,6693.75817,9.61111,4.27335e-06,7035.2782,172.107,169.41303
9.62222,3.1177e-05,6701.50009,9.62222,4.18217e-06,7043.51051,172.306,169.70442
9.63333,3.10989e-05,6709.24208,9.63333,4.10294e-06,7051.74307,172.505,169.99599
9.64444,3.09422e-05,6716.98422,9.64444,4.04374e-06,7059.97345,172.704,170.28523
9.65556,3.07114e-05,6724.72656,9.65556,4.00889e-06,7068.19845,172.903,170.56889
9.66667,3.04126e-05,6732.4692,9.66667,3.99867e-06,7076.41469,173.102,170.84349
9.67778,3.00528e-05,6740.21221,9.67778,4.01003e-06,7084.61906,173.301,171.10585
9.68889,2.96398e-05,6747.95569,9.68889,4.03787e-06,7092.80917,173.5,171.35348
9.7,2.91824e-05,6755.69973,9.7,4.07667e-06,7100.98351,173.699,171.58477
9.71111,2.86898e-05,6763.44444,9.71111,4.12187e-06,7109.14143,173.898,171.79899
9.72222,2.81715e-05,6771.18989,9.72222,4.17081e-06,7117.28304,174.097,171.99615
9.73333,2.76372e-05,6778.93616,9.73333,4.22313e-06,7125.40907,174.296,172.17691
9.74444,2.70964e-05,6786.68332,9.74444,4.28058e-06,7133.52082,174.495,172.34249
9.75556,2.65582e-05,6794.43141,9.75556,4.34646e-06,7141.62007,174.693,172.49566
9.76667,2.60315e-05,6802.18042,9.76667,4.42465e-06,7149.70909,174.892,172.63667
9.77778,2.5524e-05,6809.93035,9.77778,4.51859e-06,7157.79048,175.091,172.76913
9.78889,2.50429e-05,6817.68113,9.78889,4.63034e-06,7165.867,175.29,172.89587
9.8,2.4594e-05,6825.43266,9.8,4.75993e-06,7173.94138,175.489,173.01972
9.81111,2.41823e-05,6833.18479,9.81111,4.9052e-06,7182.01602,175.688,173.14323
9.82222,2.3811e-05,6840.93737,9.82222,5.06202e-06,7190.0929,175.887,173.26853
9.83333,2.34825e-05,6848.6902,9.83333,5.22489e-06,7198.17344,176.086,173.39724
9.84444,2.31975e-05,6856.44305,9.84444,5.38767e-06,7206.25857,176.285,173.53052
9.85556,2.29556e-05,6864.1957,9.85556,5.54429e-06,7214.34878,176.484,173.66908
9.86667,2.27551e-05,6871.94795,9.86667,5.68938e-06,7222.44427,176.683,173.81331
9.87778,2.25934e-05,6879.6996,9.87778,5.81868e-06,7230.54497,176.882,173.96337
9.88889,2.24671e-05,6887.45049,9.88889,5.92931e-06,7238.65073,177.081,174.11924
9.9,2.23719e-05,6895.20048,9.9,6.01988e-06,7246.76127,177.28,174.2808
9.91111,2.23034e-05,6902.94949,9.91111,6.0904e-06,7254.87631,177.479,174.44782
9.92222,2.22569e-05,6910.69749,9.92222,6.14214e-06,7262.99552,177.678,174.62003
9.93333,2.22277e-05,6918.44449,9.93333,6.17738e-06,7271.11852,177.877,174.79703
9.94444,2.22114e-05,6926.19054,9.94444,6.1991e-06,7279.24494,178.076,174.9784
9.95556,2.22041e-05,6933.93573,9.95556,6.21066e-06,7287.37432,178.275,175.16359
9.96667,2.22022e-05,6941.6802,9.96667,6.21539e-06,7295.50619,178.474,175.35199
9.97778,2.22029e-05,6949.4241,9.97778,6.21633e-06,7303.63998,178.673,175.54288
9.98889,2.22042e-05,6957.1676,9.98889,6.21586e-06,7311.7751,178.872,175.73549
10.0,2.22048e-05,6964.91091,10.0,6.21553e-06,7319.91088,179.071,175.92897
