ref_time_ps,ref_amplitude,sample_time_ps,sample_amplitude,raw_ref_time_ps,raw_ref_amplitude,raw_sample_time_ps,raw_sample_amplitude
120.25,-0.0,122.55000000000001,-0.0,120.25,-0.000116,122.49999999999999,-6.66667e-07
120.29999999999998,-4.966759687093886e-07,122.6,9.449486141928442e-08,120.29999999999998,-0.000143667,122.55000000000001,-9.33333e-06
120.35000000000001,-1.2816075260837554e-06,122.65,-1.9293016521690943e-07,120.35000000000001,-9.3e-05,122.6,2.73333e-05
120.39999999999999,-2.8464526564102985e-06,122.7,-6.987694410040074e-07,120.39999999999999,-9.23333e-05,122.65,-1.4e-05
120.45,-8.335683386512549e-06,122.74999999999999,3.9866380393531774e-07,120.45,-0.000153333,122.7,-2.26667e-05
120.5,-1.3057451267420898e-05,122.80000000000001,-1.3449764073231982e-06,120.5,-0.000155333,122.74999999999999,7.33333e-06
120.54999999999998,-1.2827431886626025e-05,122.85,7.967377724987947e-08,120.54999999999998,-0.000107333,122.80000000000001,-1.6e-05
120.60000000000001,-2.221747592254468e-05,122.9,6.408871879407409e-07,120.60000000000001,-0.000138667,122.85,6.66667e-07
120.64999999999999,-2.85827954582028e-05,122.95,-7.539832994440897e-06,120.64999999999999,-0.000139,122.9,4e-06
120.7,-3.5630745846308335e-05,122.99999999999999,9.354119933290139e-06,120.7,-0.000139667,122.95,-3.66667e-05
120.75,-4.2398555707181995e-05,123.05,-1.539895389133997e-05,120.75,-0.000137667,122.99999999999999,3.66667e-05
120.79999999999998,-4.8103229899179273e-05,123.1,-1.0420385395561217e-05,120.79999999999998,-0.000132333,123.05,-5e-05
120.85000000000001,-3.858354845001222e-05,123.15,-3.0866813505332703e-06,120.85000000000001,-9.16667e-05,123.1,-2.86667e-05
120.89999999999999,-2.588840225813023e-05,123.2,-1.2464786272433073e-05,120.89999999999999,-5.4e-05,123.15,-7.33333e-06
120.95,-3.659781018963836e-05,123.24999999999999,-2.5116162187894067e-06,120.95,-6.8e-05,123.2,-2.6e-05
121.0,-3.061841579674266e-05,123.3,-7.952820553962223e-07,121.0,-5.13333e-05,123.24999999999999,-4.66667e-06
121.04999999999998,-1.9601670964140957e-06,123.35,2.177961262496666e-06,121.04999999999998,-3e-06,123.3,-1.33333e-06
121.1,-2.7855602586138756e-05,123.4,1.274748995254651e-05,121.1,-3.93333e-05,123.35,3.33333e-06
121.15000000000002,2.2296819908968794e-05,123.45,9.121436691665293e-06,121.15000000000002,2.93333e-05,123.4,1.8e-05
121.2,4.3386762477536907e-05,123.49999999999999,-1.185727144074986e-05,121.2,5.36667e-05,123.45,1.2e-05
121.25,4.916154578034389e-05,123.55,1.9891915024728276e-05,121.25,5.76667e-05,123.49999999999999,-1.46667e-05
121.29999999999998,0.00011294902894172183,123.6,-4.161272035269368e-06,121.29999999999998,0.000126667,123.55,2.33333e-05
121.35,0.00014529918589711201,123.65,3.516795582223094e-05,121.35,0.000157,123.6,-4.66667e-06
121.40000000000002,0.00014808840385059632,123.7,2.0973939116048223e-05,121.40000000000002,0.000155333,123.65,3.8e-05
121.45,0.0002157952262889242,123.74999999999999,3.899919601485982e-06,121.45,0.000221333,123.7,2.2e-05
121.5,0.0002583980013529357,123.8,4.6861418074478585e-05,121.5,0.000261,123.74999999999999,4e-06
121.54999999999998,0.0003527341032114933,123.85,1.7969490134821483e-05,121.54999999999998,0.000353333,123.8,4.73333e-05
121.6,0.000432,123.9,-1.46667e-05,121.6,0.000432,123.85,1.8e-05
121.65000000000002,0.000484,123.95,-1.13333e-05,121.65000000000002,0.000484,123.9,-1.46667e-05
121.7,0.000676333,123.99999999999999,1.73333e-05,121.7,0.000676333,123.95,-1.13333e-05
121.75,0.0008,124.05,2.73333e-05,121.75,0.0008,123.99999999999999,1.73333e-05
121.79999999999998,0.00107,124.1,4.86667e-05,121.79999999999998,0.00107,124.05,2.73333e-05
121.85,0.00131,124.15,3.66667e-05,121.85,0.00131,124.1,4.86667e-05
121.90000000000002,0.00177,124.19999999999999,2.2e-05,121.90000000000002,0.00177,124.15,3.66667e-05
121.95,0.00237,124.25000000000001,3.6e-05,121.95,0.00237,124.19999999999999,2.2e-05
121.99999999999999,0.00309,124.3,2.8e-05,121.99999999999999,0.00309,124.25000000000001,3.6e-05
122.04999999999998,0.00404,124.35,6.13333e-05,122.04999999999998,0.00404,124.3,2.8e-05
122.1,0.00531,124.4,9.46667e-05,122.1,0.00531,124.35,6.13333e-05
122.15,0.0068,124.44999999999999,0.000152,122.15,0.0068,124.4,9.46667e-05
122.2,0.00844,124.50000000000001,0.000203333,122.2,0.00844,124.44999999999999,0.000152
122.24999999999999,0.00995,124.55,0.000218,122.24999999999999,0.00995,124.50000000000001,0.000203333
122.30000000000001,0.01115,124.6,0.000278667,122.30000000000001,0.01115,124.55,0.000218
122.35,0.0117,124.65,0.000332,122.35,0.0117,124.6,0.000278667
122.4,0.01114,124.69999999999999,0.000291333,122.4,0.01114,124.65,0.000332
122.45,0.00889,124.75000000000001,0.000162667,122.45,0.00889,124.69999999999999,0.000291333
122.49999999999999,0.00492,124.8,7.66667e-05,122.49999999999999,0.00492,124.75000000000001,0.000162667
122.55000000000001,-0.00101,124.85,-4.86667e-05,122.55000000000001,-0.00101,124.8,7.66667e-05
122.6,-0.0083,124.9,-0.000402667,122.6,-0.0083,124.85,-4.86667e-05
122.65,-0.01635,124.94999999999999,-0.000608667,122.65,-0.01635,124.9,-0.000402667
122.7,-0.02351,125.00000000000001,-0.000837333,122.7,-0.02351,124.94999999999999,-0.000608667
122.74999999999999,-0.0277,125.05,-0.000998667,122.74999999999999,-0.0277,125.00000000000001,-0.000837333
122.80000000000001,-0.0284,125.09999999999998,-0.000956,122.80000000000001,-0.0284,125.05,-0.000998667
122.85,-0.02409,125.15,-0.000693333,122.85,-0.02409,125.09999999999998,-0.000956
122.9,-0.01544,125.19999999999999,-0.000222,122.9,-0.01544,125.15,-0.000693333
122.95,-0.00314,125.25,0.000432,122.95,-0.00314,125.19999999999999,-0.000222
122.99999999999999,0.00938,125.3,0.00106,122.99999999999999,0.00938,125.25,0.000432
123.05,0.01886,125.34999999999998,0.00153,123.05,0.01886,125.3,0.00106
123.1,0.02336,125.4,0.00162,123.1,0.02336,125.34999999999998,0.00153
123.15,0.02121,125.44999999999999,0.00123,123.15,0.02121,125.4,0.00162
123.2,0.01257,125.5,0.000438667,123.2,0.01257,125.44999999999999,0.00123
123.24999999999999,0.00248,125.55,-0.000538,123.24999999999999,0.00248,125.5,0.000438667
123.3,-0.00742,125.59999999999998,-0.00146,123.3,-0.00742,125.55,-0.000538
123.35,-0.01263,125.65,-0.00181,123.35,-0.01263,125.59999999999998,-0.00146
123.4,-0.01201,125.69999999999999,-0.00159,123.4,-0.01201,125.65,-0.00181
123.45,-0.00642,125.75,-0.000748667,123.45,-0.00642,125.69999999999999,-0.00159
123.49999999999999,0.000946,125.8,0.000306667,123.49999999999999,0.000946,125.75,-0.000748667
123.55,0.00658,125.84999999999998,0.00133,123.55,0.00658,125.8,0.000306667
123.6,0.00813,125.9,0.0017,123.6,0.00813,125.84999999999998,0.00133
123.65,0.00526,125.94999999999999,0.00125,123.65,0.00526,125.9,0.0017
123.7,-0.000310333,126.0,0.000381333,123.7,-0.000310333,125.94999999999999,0.00125
123.74999999999999,-0.00516,126.05,-0.000749333,123.74999999999999,-0.00516,126.0,0.000381333
123.8,-0.00705,126.09999999999998,-0.00144,123.8,-0.00705,126.05,-0.000749333
123.85,-0.00501,126.15,-0.00125,123.85,-0.00501,126.09999999999998,-0.00144
123.9,-0.000581,126.19999999999999,-0.000572667,123.9,-0.000581,126.15,-0.00125
123.95,0.00379,126.25,0.000378,123.95,0.00379,126.19999999999999,-0.000572667
123.99999999999999,0.00571,126.3,0.00109,123.99999999999999,0.00571,126.25,0.000378
124.05,0.00448,126.34999999999998,0.00113,124.05,0.00448,126.3,0.00109
124.1,0.00141,126.39999999999999,0.000571333,124.1,0.00141,126.34999999999998,0.00113
124.15,-0.00202,126.45000000000002,-0.000156667,124.15,-0.00202,126.39999999999999,0.000571333
124.19999999999999,-0.00363,126.5,-0.000808,124.19999999999999,-0.00363,126.45000000000002,-0.000156667
124.25000000000001,-0.00313,126.55,-0.000919333,124.25000000000001,-0.00313,126.5,-0.000808
124.3,-0.00122,126.59999999999998,-0.000563333,124.3,-0.00122,126.55,-0.000919333
124.35,0.00085,126.64999999999999,0.000103333,124.35,0.00085,126.59999999999998,-0.000563333
124.4,0.00188,126.70000000000002,0.000518667,124.4,0.00188,126.64999999999999,0.000103333
124.44999999999999,0.00142,126.75,0.000597333,124.44999999999999,0.00142,126.70000000000002,0.000518667
124.50000000000001,0.000165667,126.8,0.000294,124.50000000000001,0.000165667,126.75,0.000597333
124.55,-0.000990667,126.84999999999998,-7.86667e-05,124.55,-0.000990667,126.8,0.000294
124.6,-0.00129,126.89999999999999,-0.000425333,124.6,-0.00129,126.84999999999998,-7.86667e-05
124.65,-0.000727333,126.95000000000002,-0.000501333,124.65,-0.000727333,126.89999999999999,-0.000425333
124.69999999999999,0.000218667,127.0,-0.000198667,124.69999999999999,0.000218667,126.95000000000002,-0.000501333
124.75000000000001,0.000876333,127.05,9.73333e-05,124.75000000000001,0.000876333,127.0,-0.000198667
124.8,0.000862,127.09999999999998,0.000282,124.8,0.000862,127.05,9.73333e-05
124.85,0.000301667,127.14999999999999,0.000237333,124.85,0.000301667,127.09999999999998,0.000282
124.9,-0.000358333,127.20000000000002,0.000109333,124.9,-0.000358333,127.14999999999999,0.000237333
124.94999999999999,-0.000684,127.25,-0.000158,124.94999999999999,-0.000684,127.20000000000002,0.000109333
125.00000000000001,-0.00051,127.29999999999998,-0.000208,125.00000000000001,-0.00051,127.25,-0.000158
125.05,-7.03333e-05,127.34999999999998,-0.000176667,125.05,-7.03333e-05,127.29999999999998,-0.000208
125.09999999999998,0.000432,127.39999999999999,2.06667e-05,125.09999999999998,0.000432,127.34999999999998,-0.000176667
125.15,0.000637,127.45,0.000131333,125.15,0.000637,127.39999999999999,2.06667e-05
125.19999999999999,0.000495333,127.5,0.000145333,125.19999999999999,0.000495333,127.45,0.000131333
125.25,0.000131333,127.54999999999998,3.4e-05,125.25,0.000131333,127.5,0.000145333
125.3,-0.000277667,127.60000000000001,-5.2e-05,125.3,-0.000277667,127.54999999999998,3.4e-05
125.34999999999998,-0.000514,127.64999999999999,-8.13333e-05,125.34999999999998,-0.000514,127.60000000000001,-5.2e-05
125.4,-0.000500333,127.7,-0.000105333,125.4,-0.000500333,127.64999999999999,-8.13333e-05
125.44999999999999,-0.000335,127.75,-5.66667e-05,125.44999999999999,-0.000335,127.7,-0.000105333
125.5,-0.000160333,127.79999999999998,-2.06667e-05,125.5,-0.000160333,127.75,-5.66667e-05
125.55,8.33333e-06,127.85000000000001,9.6e-05,125.55,8.33333e-06,127.79999999999998,-2.06667e-05
125.59999999999998,0.000127667,127.89999999999999,4.93333e-05,125.59999999999998,0.000127667,127.85000000000001,9.6e-05
125.65,0.000130333,127.95,1.73333e-05,125.65,0.000130333,127.89999999999999,4.93333e-05
125.69999999999999,4.1e-05,128.0,-2.53333e-05,125.69999999999999,4.1e-05,127.95,1.73333e-05
125.75,1.7e-05,128.05,6.66667e-07,125.75,1.7e-05,128.0,-2.53333e-05
125.8,-5.7e-05,128.1,-2.66667e-05,125.8,-5.7e-05,128.05,6.66667e-07
125.84999999999998,-1.3e-05,128.15,-3.06667e-05,125.84999999999998,-1.3e-05,128.1,-2.66667e-05
125.9,6.33333e-06,128.2,-1.4e-05,125.9,6.33333e-06,128.15,-3.06667e-05
125.94999999999999,5.43333e-05,128.25,2.33333e-05,125.94999999999999,5.43333e-05,128.2,-1.4e-05
126.0,1.03333e-05,128.3,-1e-05,126.0,1.03333e-05,128.25,2.33333e-05
126.05,-4.96667e-05,128.35,2.26667e-05,126.05,-4.96667e-05,128.3,-1e-05
126.09999999999998,-5.43333e-05,128.39999999999998,-4.66667e-05,126.09999999999998,-5.43333e-05,128.35,2.26667e-05
126.15,-0.000107,128.45,-1.33333e-05,126.15,-0.000107,128.39999999999998,-4.66667e-05
126.19999999999999,-4.3e-05,128.5,-1.33333e-06,126.19999999999999,-4.3e-05,128.45,-1.33333e-05
126.25,3.8e-05,128.55,-1.73333e-05,126.25,3.8e-05,128.5,-1.33333e-06
126.3,0.000137333,128.6,-9.33333e-06,126.3,0.000137333,128.55,-1.73333e-05
126.34999999999998,0.000256667,128.65,-6e-06,126.34999999999998,0.000256667,128.6,-9.33333e-06
126.39999999999999,0.000246333,128.7,2.66667e-05,126.39999999999999,0.000246333,128.65,-6e-06
126.45000000000002,8.76667e-05,128.75,3.73333e-05,126.45000000000002,8.76667e-05,128.7,2.66667e-05
126.5,-9.33333e-05,128.8,-1.46667e-05,126.5,-9.33333e-05,128.75,3.73333e-05
126.55,-0.000242333,128.85,-6.4e-05,126.55,-0.000242333,128.8,-1.46667e-05
126.59999999999998,-0.000284667,128.9,-3.33333e-05,126.59999999999998,-0.000284667,128.85,-6.4e-05
126.64999999999999,-0.000280667,128.95,-6.26667e-05,126.64999999999999,-0.000280667,128.9,-3.33333e-05
126.70000000000002,-0.000135,129.0,1e-05,126.70000000000002,-0.000135,128.95,-6.26667e-05
126.75,-3.63333e-05,129.05,-7.33333e-06,126.75,-3.63333e-05,129.0,1e-05
126.8,8.26667e-05,129.1,2.93333e-05,126.8,8.26667e-05,129.05,-7.33333e-06
126.84999999999998,0.000145667,129.15,4.66667e-05,126.84999999999998,0.000145667,129.1,2.93333e-05
126.89999999999999,9.6e-05,129.2,-4e-06,126.89999999999999,9.6e-05,129.15,4.66667e-05
126.95000000000002,0.000159,129.25,-1.13333e-05,126.95000000000002,0.000159,129.2,-4e-06
127.0,0.000138333,129.3,1.8e-05,127.0,0.000138333,129.25,-1.13333e-05
127.05,0.000118667,129.35,-3.46667e-05,127.05,0.000118667,129.3,1.8e-05
127.09999999999998,0.000108667,129.4,3.2e-05,127.09999999999998,0.000108667,129.35,-3.46667e-05
127.14999999999999,9.16667e-05,129.45,1.86667e-05,127.14999999999999,9.16667e-05,129.4,3.2e-05
127.20000000000002,-3.06667e-05,129.5,-3.86667e-05,127.20000000000002,-3.06667e-05,129.45,1.86667e-05
127.25,-8.73333e-05,129.55,-8.66667e-06,127.25,-8.73333e-05,129.5,-3.86667e-05
127.29999999999998,-0.000126333,129.6,3.33333e-06,127.29999999999998,-0.000126333,129.55,-8.66667e-06
127.34999999999998,-5.53333e-05,129.65,-2.46667e-05,127.34999999999998,-5.53333e-05,129.6,3.33333e-06
127.39999999999999,4e-05,129.7,1.13333e-05,127.39999999999999,4e-05,129.65,-2.46667e-05
127.45,0.000154667,129.75,4.33333e-05,127.45,0.000154667,129.7,1.13333e-05
127.5,0.000177,129.8,7e-05,127.5,0.000177,129.75,4.33333e-05
127.54999999999998,0.000151667,129.85,1.06667e-05,127.54999999999998,0.000151667,129.8,7e-05
127.60000000000001,2.06667e-05,129.9,-2.46667e-05,127.60000000000001,2.06667e-05,129.85,1.06667e-05
127.64999999999999,-5.36667e-05,129.95,-2.93333e-05,127.64999999999999,-5.36667e-05,129.9,-2.46667e-05
127.7,-0.000135,130.0,4.13333e-05,127.7,-0.000135,129.95,-2.93333e-05
127.75,-0.000117333,130.05,-4.26667e-05,127.75,-0.000117333,130.0,4.13333e-05
127.79999999999998,-6.7e-05,130.1,-1.86667e-05,127.79999999999998,-6.7e-05,130.05,-4.26667e-05
127.85000000000001,3.094745523219255e-05,130.15,-1.730392018632784e-05,127.85000000000001,3.1e-05,130.1,-1.86667e-05
127.89999999999999,9.999309630899044e-05,130.19999999999996,4.620146363883924e-06,127.89999999999999,0.000101,130.15,-1.73333e-05
127.95,0.00010562249754694519,130.25,-5.1998895520483065e-06,127.95,0.000108333,130.19999999999996,4.66667e-06
128.0,2.4787382591693347e-05,130.3,-2.8600826067338482e-05,128.0,2.6e-05,130.25,-5.33333e-06
128.05,4.010377842188105e-05,130.35,-8.020764939101427e-06,128.05,4.33333e-05,130.3,-3e-05
128.1,1.5158908729260741e-05,130.4,-2.615651867223671e-05,128.1,1.7e-05,130.35,-8.66667e-06
128.15,5.6265782878206894e-05,130.44999999999996,2.0460284682984323e-05,128.15,6.6e-05,130.4,-2.93333e-05
128.2,8.165329730039726e-05,130.5,-2.8565152965387395e-05,128.2,0.000101,130.44999999999996,2.4e-05
128.25,6.562364419437892e-05,130.55,1.0134904320081736e-06,128.25,8.63333e-05,130.5,-3.53333e-05
128.3,8.167812548316916e-05,130.6,2.502282704112839e-05,128.3,0.000115333,130.55,1.33333e-06
128.35,2.1561838060555085e-05,130.65,-1.6116951239039214e-05,128.35,3.3e-05,130.6,3.53333e-05
128.39999999999998,-2.5051447373599434e-05,130.7,-2.7834961408322684e-06,128.39999999999998,-4.2e-05,130.65,-2.46667e-05
128.45,-4.000641182602119e-05,130.75,-1.004647563921943e-05,128.45,-7.43333e-05,130.7,-4.66667e-06
128.5,-3.579632527568761e-05,130.8,-1.4702071583877812e-05,128.5,-7.46667e-05,130.75,-1.86667e-05
128.55,-1.4030362122218794e-05,130.85,8.418225691556968e-06,128.55,-3.33333e-05,130.8,-3.06667e-05
128.6,1.4782402116939468e-05,130.9,5.8160222951710235e-06,128.6,4.06667e-05,130.85,2e-05
128.65,2.2482472681356356e-05,130.95,1.4372367231219899e-05,128.65,7.3e-05,130.9,1.6e-05
128.7,1.9218438615161015e-05,131.0,-6.802998634321265e-07,128.7,7.53333e-05,130.95,4.66667e-05
128.75,1.699888760650798e-05,131.05,9.870317856070014e-06,128.75,8.26667e-05,131.0,-2.66667e-06
128.8,-2.4033269547777834e-06,131.1,9.613307819111135e-07,128.8,-1.5e-05,131.05,4.8e-05
128.85,-1.1233996975234491e-05,131.15,3.0275980380075313e-06,128.85,-9.4e-05,131.1,6e-06
128.9,-1.0984002013481177e-05,131.2,-3.92285065672681e-07,128.9,-0.000130667,131.15,2.53333e-05
128.95,-7.502131356842536e-06,131.25,-1.1235094066120117e-06,128.95,-0.000138,131.2,-4.66667e-06
129.0,-2.4970694773092025e-06,131.3,2.0552022434929556e-08,129.0,-8.1e-05,131.25,-2.06667e-05
129.05,5.190744752982583e-07,131.35,1.0105861203500642e-07,129.05,3.76667e-05,131.3,6.66667e-07
129.1,2.3623732640487946e-07,131.4,8.988546560062027e-08,129.1,6.83333e-05,131.35,7.33333e-06
129.15,0.0,131.45,0.0,129.15,0.000100333,131.4,2.6e-05
,,,,129.2,6.06667e-05,131.45,1.33333e-06
