ref_frequency_thz,ref_amplitude,ref_phase,sample_frequency_thz,sample_amplitude,sample_phase
0.0,0.007924957432001537,0.0,0.0,0.00032566011023083447,3.141592653589793
0.022296544035679156,0.00886462371575826,0.2139541557947856,0.022296544035679156,0.00042605693144729436,1.6327039737186853
0.04459308807135831,0.011502698784313996,0.29333296446233276,0.04459308807135831,0.0006152587706178907,0.5170923652181364
0.06688963210703748,0.015417177291152476,0.22434705146338374,0.06688963210703748,0.0007895104635583443,-0.408762847883694
0.08918617614271662,0.020081737901434568,0.050783664025699074,0.08918617614271662,0.000912771055788954,-1.2459815357302761
0.11148272017839578,0.024952045015785372,-0.18416002409283627,0.11148272017839578,0.0009765940024916487,-2.0238009329324775
0.13377926421407496,0.02957823075137699,-0.4492428015281741,0.13377926421407496,0.0009890966296514686,-2.7492966138698334
0.1560758082497541,0.03372010591902085,-0.7233422971823715,0.1560758082497541,0.0009688981008558937,-3.4250151689881774
0.17837235228543324,0.037415667354506826,-0.9934803998636367,0.17837235228543324,0.0009361649012400827,-4.058077273249278
0.20066889632111243,0.040954575430494834,-1.2545177867657822,0.20066889632111243,0.0009018529999746984,-4.662031042632062
0.22296544035679156,0.04473177810329443,-1.5088833824628587,0.22296544035679156,0.0008632132998177433,-5.247698432117486
0.24526198439247074,0.049032003761104906,-1.7638971490005169,0.24526198439247074,0.0008123651863637956,-5.810015690924348
0.2675585284281499,0.05388018553168514,-2.0267185051556744,0.2675585284281499,0.0007533994488705136,-6.324763656214634
0.289855072463829,0.05906272308697393,-2.3003677934041074,0.289855072463829,0.0007153978802051238,-6.76855577875907
0.3121516164995082,0.06428291102772403,-2.58335016966875,0.3121516164995082,0.0007405518296701606,-7.171186864581425
0.3344481605351874,0.06932786802561837,-2.871821441657444,0.3344481605351874,0.0008378581462812255,-7.617250800248792
0.3567447045708665,0.0741546994628127,-3.16207438758932,0.3567447045708665,0.0009668955124392821,-8.14463632011291
0.37904124860654564,0.07887121800583238,-3.452123140002587,0.37904124860654564,0.0010781851021644238,-8.725395981305635
0.40133779264222486,0.08364013929903116,-3.742054460906915,0.40133779264222486,0.0011470854287828631,-9.31445055670443
0.42363433667790396,0.08857024010638222,-4.033283602963965,0.42363433667790396,0.001187762019895092,-9.874329627849797
0.4459308807135831,0.0936608562468343,-4.327307739906747,0.4459308807135831,0.0012517386952404874,-10.39462521417436
0.4682274247492623,0.09882633124754245,-4.624779800668673,0.4682274247492623,0.0013943652184481516,-10.911316377620066
0.4905239687849415,0.10397041368284199,-4.925381576807415,0.4905239687849415,0.0016209731493639157,-11.477044578060553
0.5128205128206206,0.10905211079209814,-5.228348079723353,0.5128205128206206,0.0018792726391879098,-12.108344037853593
0.5351170568562998,0.11410021318068062,-5.533133910568467,0.5351170568562998,0.00209900422769509,-12.78784053266612
0.5574136008919789,0.11917425414461869,-5.839762723591899,0.5574136008919789,0.002225648932603229,-13.488291433443765
0.579710144927658,0.12430621230149835,-6.148694374353514,0.579710144927658,0.0022377497089265453,-14.181874086458702
0.6020066889633373,0.12946788532056608,-6.460382614702127,0.6020066889633373,0.00215702896983093,-14.84073309246534
0.6243032329990164,0.13458731738102506,-6.774884508745826,0.6243032329990164,0.002052297649660011,-15.44166551038925
0.6465997770346955,0.13960007485968828,-7.091800932928822,0.6465997770346955,0.0020220891917768573,-15.986443718544514
0.6688963210703748,0.1444955862210107,-7.410562359165608,0.6688963210703748,0.002133979237709328,-16.520461555558416
0.6911928651060538,0.14932221662951992,-7.730836869735018,0.6911928651060538,0.002365451200932034,-17.096205957257528
0.713489409141733,0.15414318216512696,-8.052766178404331,0.713489409141733,0.0026320951256674544,-17.724726875793227
0.7357859531774122,0.1589704991356769,-8.376848508704398,0.7357859531774122,0.0028563068001668246,-18.38558947342452
0.7580824972130913,0.1637234118084124,-8.703520732023787,0.7580824972130913,0.0030033042861024096,-19.052052418294345
0.7803790412487704,0.16824639979131265,-9.032702046060313,0.7803790412487704,0.0030887344451843183,-19.70232207875371
0.8026755852844497,0.1723857696429896,-9.363595014993589,0.8026755852844497,0.0031704246128982302,-20.32577277758572
0.8249721293201288,0.17608709983163193,-9.694885956188674,0.8249721293201288,0.0033206988365624304,-20.928943244876365
0.8472686733558079,0.17946034264240382,-10.025277431061808,0.8472686733558079,0.00358296283147386,-21.532758984743218
0.8695652173914872,0.18277075471684337,-10.354130449327215,0.8695652173914872,0.003945003904919204,-22.15639487908332
0.8918617614271662,0.1863463311988259,-10.6819133213357,0.8918617614271662,0.004354933340171783,-22.804704649460096
0.9141583054628455,0.1904356607658936,-11.010179624786742,0.9141583054628455,0.004758290425747465,-23.470655489031106
0.9364548494985246,0.19508440614429973,-11.341004009897794,0.9364548494985246,0.005124817035382131,-24.143572290216333
0.9587513935342037,0.2000970679144121,-11.67613880176551,0.9587513935342037,0.005456351129947941,-24.814976210552757
0.981047937569883,0.20510536703370458,-12.016347701032606,0.981047937569883,0.005778845927807398,-25.48132776036117
1.003344481605562,0.20970602562509538,-12.361229665390121,1.003344481605562,0.006123703159394477,-26.144321933569238
1.0256410256412412,0.2136006845513856,-12.709522661254116,1.0256410256412412,0.006507579574362962,-26.808782606364613
1.0479375696769204,0.21668063290370346,-13.059662532514583,1.0479375696769204,0.006922328476452059,-27.479213166709194
1.0702341137125997,0.21903071738771945,-13.410347498863025,1.0702341137125997,0.007340399694538267,-28.15727641148196
1.0925306577482787,0.22086041474866536,-13.760923641313255,1.0925306577482787,0.0077300302277995255,-28.841502930444666
1.1148272017839578,0.22239630259632368,-14.11148370720969,1.1148272017839578,0.00807004073370855,-29.528591886480562
1.137123745819637,0.22378347969925272,-14.462665980716634,1.137123745819637,0.008357551766350241,-30.215067646730017
1.159420289855316,0.22503739474931828,-14.815259408243817,1.159420289855316,0.008607173562371886,-30.898569431513824
1.1817168338909954,0.22606150688534535,-15.16980981314337,1.1817168338909954,0.008843637477740703,-31.57852887439812
1.2040133779266746,0.22671297399398166,-15.526406719290472,1.2040133779266746,0.009091581746485644,-32.256158571646864
1.2263099219623537,0.22687761137962495,-15.884715286000263,1.2263099219623537,0.009366680165879404,-32.93381105816564
1.2486064659980327,0.22651720963835847,-16.244187341795282,1.2486064659980327,0.009671221437152322,-33.613999668224004
1.270903010033712,0.22567217953321828,-16.604315306354902,1.270903010033712,0.00999490809700071,-34.298512014725695
1.293199554069391,0.22442749807624107,-16.96479910235766,1.293199554069391,0.010319538473332434,-34.98791907214239
1.3154960981050703,0.2228678089786088,-17.325558884397772,1.3154960981050703,0.010625609340451139,-35.68152029885842
1.3377926421407496,0.22105040931621872,-17.686616530855936,1.3377926421407496,0.01089934180259506,-36.37761712224786
1.3600891861764286,0.21901133763243458,-18.04794691265907,1.3600891861764286,0.011138902363315661,-37.07402720448658
1.3823857302121076,0.21679693678950854,-18.40942133222273,1.3823857302121076,0.011358055034111572,-37.768808369545006
1.404682274247787,0.2144943572462674,-18.770910378070802,1.404682274247787,0.011584744262278993,-38.461109551418495
1.426978818283466,0.21223139104990316,-19.132506515881147,1.426978818283466,0.011852606546613112,-39.15186078115482
1.4492753623191452,0.21013232601374565,-19.494724181176426,1.4492753623191452,0.01218645862993419,-39.8438105259385
1.4715719063548245,0.2082451973392457,-19.858501774351943,1.4715719063548245,0.012587672295448648,-40.54058243748447
1.4938684503905033,0.20648098400502307,-20.224912864987765,1.4938684503905033,0.013027909791091604,-41.24508759713545
1.5161649944261826,0.20460876489105037,-20.594670195926135,1.5161649944261826,0.013456090618036418,-41.95819018604227
1.5384615384618618,0.2023258741045841,-20.967657308691976,1.5384615384618618,0.013816024310623645,-42.678302351999996
1.5607580824975409,0.19938290268368936,-21.34273057616764,1.5607580824975409,0.014067249035190178,-43.401894721951166
1.5830546265332202,0.19571435588979297,-21.717913541311876,1.5830546265332202,0.014201585754070293,-44.12454553138069
1.6053511705688994,0.19151981331249382,-22.090969786377514,1.6053511705688994,0.01425004341660939,-44.84225072426006
1.6276477146045782,0.18725377890976028,-22.46024299443848,1.6276477146045782,0.01427665269049348,-45.55284081291003
1.6499442586402575,0.18350872043059455,-22.82553265446457,1.6499442586402575,0.014358460133708048,-46.25714199179714
1.6722408026759368,0.18081606599899994,-23.188600040393485,1.6722408026759368,0.014556700239896069,-46.95912722372529
1.6945373467116158,0.17943971594377559,-23.552859323791555,1.6945373467116158,0.014891893942999758,-47.66447902865261
1.716833890747295,0.1792637440900031,-23.922194955844358,1.716833890747295,0.015337098165191363,-48.378160017186225
1.7391304347829744,0.17983761807103993,-24.299507127074705,1.7391304347829744,0.015832767436238862,-49.10256937445034
1.7614269788186532,0.18055098239574027,-24.685819048368938,1.7614269788186532,0.016312694414850767,-49.83726651431048
1.7837235228543324,0.1808427917252929,-25.080291441858172,1.7837235228543324,0.016726801486525732,-50.57990482949342
1.8060200668900117,0.18035522718322985,-25.48087582164588,1.8060200668900117,0.017052810065240263,-51.327496991929195
1.828316610925691,0.17899270241214824,-25.88515329607909,1.828316610925691,0.017296108523100973,-52.07744159889361
1.85061315496137,0.17689167484688037,-26.291056113133973,1.85061315496137,0.017481126867486405,-52.82812913607365
1.8729096989970493,0.17433070407258838,-26.697342703000825,1.8729096989970493,0.01763897633339067,-53.57911722106574
1.8952062430327283,0.17161833312115762,-27.10377779785546,1.8952062430327283,0.01779620207540549,-54.3309322071295
1.9175027870684074,0.16899543336985248,-27.511011853240692,1.9175027870684074,0.01796825767076189,-55.0846357750511
1.9397993311040866,0.16657902659508667,-27.920222931947883,1.9397993311040866,0.018158750774893196,-55.8413669777683
1.962095875139766,0.16435660393294088,-28.332665559758237,1.962095875139766,0.018362718410800796,-56.60204413704646
1.984392419175445,0.1622201622662506,-28.749294972175615,1.984392419175445,0.018570812634632436,-57.367280537487765
2.006688963211124,0.16001778656330265,-29.17056940135582,2.006688963211124,0.0187719959807571,-58.13743268226169
2.0289855072468033,0.1576023388444227,-29.59642993090867,2.0289855072468033,0.018954301122946327,-58.912655075888445
2.0512820512824823,0.15486677631783088,-30.026394091362086,2.0512820512824823,0.019104884156139115,-59.69288772202159
2.073578595318162,0.15176491884570048,-30.459700828830204,2.073578595318162,0.019210993516495602,-60.47779097131402
2.095875139353841,0.14831991007802767,-30.89548008908122,2.095875139353841,0.01926258539399717,-61.266701769803646
2.11817168338952,0.14462094303635567,-31.332947507503892,2.11817168338952,0.01925589877771355,-62.058687213785305
2.1404682274251994,0.14080625624686344,-31.77162013855851,2.1404682274251994,0.01919626318843345,-62.85272740281595
2.162764771460878,0.13703107039165688,-32.21151408108569,2.162764771460878,0.019098283741415093,-63.647997970823205
2.1850613154965575,0.1334246066639072,-32.65324325455773,2.1850613154965575,0.018982383150160608,-64.44416486362567
2.207357859532236,0.1300483592383172,-33.09793205371001,2.207357859532236,0.018868204313439853,-65.24156733831147
2.2296544035679156,0.12687267134388602,-33.5469174809718,2.2296544035679156,0.018767052977975346,-66.0411776882571
2.2519509476035946,0.12378466470488314,-34.001330645240074,2.2519509476035946,0.018676548739163138,-66.84431231465972
2.274247491639274,0.12062756255900102,-34.46173260626537,2.274247491639274,0.01858012538932471,-67.65220105417811
2.296544035674953,0.11725674482157863,-34.92796354367562,2.296544035674953,0.018451944163320983,-68.46560903312417
2.318840579710632,0.11359041665623629,-35.39926330495896,2.318840579710632,0.018265291861202328,-69.28467482682797
2.3411371237463117,0.10963564026340278,-35.874614171253775,2.3411371237463117,0.018001100515940168,-70.10901014169988
2.3634336677819907,0.10548033962462484,-36.35319244615135,2.3634336677819907,0.017653438874744715,-70.93799373425867
2.3857302118176698,0.1012540036935396,-36.834784361114956,2.3857302118176698,0.017230223670892185,-71.7711402871617
2.4080267558533492,0.09707115085011706,-37.32000763844598,2.4080267558533492,0.016749197064590604,-72.60841980890163
2.4303232998890283,0.0929794446102377,-37.81020982110888,2.4303232998890283,0.016230850225161447,-73.45041650725935
2.4526198439247073,0.08893446322164975,-38.30702998716175,2.4526198439247073,0.015691030793228374,-74.29824996989218
2.4749163879603864,0.08481259779494135,-38.81177971920283,2.4749163879603864,0.015136032493788478,-75.15325488202733
2.4972129319960654,0.08045630664602356,-39.32489668207502,2.4972129319960654,0.014561825608884955,-76.01651625514873
2.5195094760317445,0.07573235205209425,-39.845661345831125,2.5195094760317445,0.013957209015242717,-76.88842527918413
2.541806020067424,0.0705814352149381,-40.37221020179295,2.541806020067424,0.013309109978669608,-77.76840309725097
2.564102564103103,0.06504517635431183,-40.90176890585608,2.564102564103103,0.01260787185976452,-78.65485278165664
2.586399108138782,0.05926630131824211,-41.43103065624653,2.586399108138782,0.011851068002060719,-79.54531326964324
2.6086956521744615,0.05346468117207733,-41.95667786951386,2.6086956521744615,0.011045373002956299,-80.43675382959539
2.6309921962101406,0.047894733836892724,-42.47610343116393,2.6309921962101406,0.01020660832638638,-81.32596284486397
2.6532887402458196,0.04279109691310839,-42.98833269251082,2.6532887402458196,0.009358120563949968,-82.21001933770305
2.675585284281499,0.03831281686805985,-43.49489601871342,2.675585284281499,0.008527481682993719,-83.08685275327507
2.697881828317178,0.03450260104161921,-44.00005241074793,2.697881828317178,0.0077415867843758914,-83.95585727462336
2.720178372352857,0.031280745860486056,-44.509788344319,2.720178372352857,0.0070208574886125065,-84.81840737349205
2.7424749163885362,0.028481945273655804,-45.02981267920648,2.7424749163885362,0.006374282813848971,-85.67797826076017
2.7647714604242153,0.02591872683898884,-45.56368232699061,2.7647714604242153,0.005797630894501672,-86.5395961198737
2.7870680044598943,0.02344003207272697,-46.11204759606632,2.7870680044598943,0.005276255228877351,-87.40868060641188
2.809364548495574,0.020962542705282333,-46.67300395868717,2.809364548495574,0.004791492105009321,-88.28977913086366
2.831661092531253,0.018472754024310617,-47.24291119588324,2.831661092531253,0.004327530189008723,-89.18575405861476
2.853957636566932,0.016010409774209346,-47.817170306168734,2.853957636566932,0.0038756875356378818,-90.09759142438888
2.8762541806026114,0.013645078679726332,-48.390836843790005,2.8762541806026114,0.003434935257419627,-91.02459820331336
2.8985507246382904,0.011453506105141406,-48.959214713600794,2.8985507246382904,0.0030094865032909146,-91.96467890197832
2.9208472686739695,0.009501113051057861,-49.518664535421806,2.9208472686739695,0.002605199773389745,-92.9145463586838
2.943143812709649,0.007828604895300864,-50.06776987042835,2.943143812709649,0.002226464225628233,-93.8698941273782
2.965440356745328,0.0064443968519015595,-50.608630447321616,2.965440356745328,0.0018746017580269362,-94.82559376826498
2.9877369007810066,0.005324681039358719,-51.14743735984643,2.9877369007810066,0.0015480188039423057,-95.77583719826463
3.010033444816686,0.004422913102080931,-51.693310264995354,3.010033444816686,0.001243668672243913,-96.71383545595906
3.032329988852365,0.0036865187720356986,-52.255467139638604,3.032329988852365,0.000959106135308466,-97.63011750787878
3.054626532888044,0.003073025881583968,-52.840222447670584,3.054626532888044,0.000694697067973731,-98.50677578274896
3.0769230769237237,0.0025575420035032132,-53.44898828187666,3.0769230769237237,0.0004567779943628126,-99.2976062448499
3.0992196209594027,0.0021297339835302928,-54.076895077383575,3.0992196209594027,0.0002681368343409041,-99.85375612853436
3.1215161649950818,0.0017849238252796704,-54.71148383186868,3.1215161649950818,0.00020186258544134013,-99.94203870861526
3.1438127090307613,0.001516399720798951,-55.33277204392901,3.1438127090307613,0.00027669461624756894,-100.23535035550762
3.1661092530664403,0.001314296842136504,-55.91721278994932,3.1661092530664403,0.00037078570589417476,-100.91639281457059
3.1884057971021194,0.0011703939592427577,-56.44600606495234,3.1884057971021194,0.00043195859759890827,-101.73063513966187
3.210702341137799,0.0010814873080049036,-56.91491288654927,3.210702341137799,0.00044819444655950775,-102.58587402004979
3.232998885173478,0.0010448136571740677,-57.33931144762694,3.232998885173478,0.0004202771529188233,-103.441842426277
3.2552954292091565,0.0010495523014506416,-57.74575280861899,3.2552954292091565,0.000357558567140183,-104.26223782707683
3.277591973244836,0.0010757910896093891,-58.154136873205246,3.277591973244836,0.00027886867612504597,-104.98743630601697
3.299888517280515,0.0011027444957178022,-58.56918479913584,3.299888517280515,0.00021724769844801741,-105.52583541484681
3.322185061316194,0.0011172302506846697,-58.98509414703683,3.322185061316194,0.0002125294290570613,-105.9363892504065
3.3444816053518736,0.0011169749961807518,-59.393139666206615,3.3444816053518736,0.0002576444611323072,-106.51773150040225
3.3667781493875526,0.001109181446662182,-59.787269033928894,3.3667781493875526,0.0003099843493016442,-107.31034613777969
3.3890746934232316,0.0011057216980501904,-60.167972435780946,3.3890746934232316,0.00034507049766024987,-108.22891343214242
3.411371237458911,0.0011163462028187909,-60.543489198739245,3.411371237458911,0.0003566772778442557,-109.22648100187531
3.43366778149459,0.0011429388893621046,-60.9260992629215,3.43366778149459,0.00034882161833530036,-110.28303023900496
3.4559643255302697,0.0011785183131847593,-61.32525625047246,3.4559643255302697,0.000330548449174399,-111.38420562984585
3.4782608695659487,0.0012112651706961079,-61.74338753323188,3.4782608695659487,0.00031058311776673697,-112.50658488210142
3.5005574136016278,0.0012300442165496604,-62.17664791223437,3.5005574136016278,0.0002924096139672563,-113.61328302980965
3.5228539576373064,0.0012282836986036191,-62.61796220631711,3.5228539576373064,0.00027361280820302513,-114.6637432891639
3.545150501672986,0.0012054014635850968,-63.059853513551396,3.545150501672986,0.0002509462325274618,-115.62346483854715
3.567447045708665,0.0011660607206842877,-63.49663291793779,3.567447045708665,0.000226908162838492,-116.46414570081686
3.5897435897443444,0.0011175979869453537,-63.926220818839404,3.5897435897443444,0.00021229871754970244,-117.17981708046592
3.6120401337800234,0.0010662278777916008,-64.35118803434646,3.6120401337800234,0.0002183650665102944,-117.83501502538796
3.6343366778157025,0.001013537917981101,-64.77783540553126,3.6343366778157025,0.00024156214183386666,-118.53336686888859
3.656633221851382,0.0009554058929955573,-65.21292323211128,3.656633221851382,0.0002647898039357227,-119.31064258527478
3.678929765887061,0.0008843037270035235,-65.65975728185195,3.678929765887061,0.00027116519179637226,-120.14597051363245
3.70122630992274,0.0007936000985719488,-66.11566072584135,3.70122630992274,0.00025050114661865784,-121.00997220959151
3.7235228539584195,0.000681516871644517,-66.57050280873995,3.7235228539584195,0.00020005303631598982,-121.87238662944767
3.7458193979940986,0.0005535496828793597,-67.00362365372405,3.7458193979940986,0.00012430557258192573,-122.6674723557485
3.768115942029777,0.00042395053547513584,-67.37586577163616,3.768115942029777,4.4115056971929934e-05,-122.84346755902804
3.7904124860654567,0.0003177996316685161,-67.62323124929368,3.7904124860654567,9.126623151735007e-05,-122.12911215309752
3.8127090301011357,0.00026772949543769003,-67.72789894953083,3.8127090301011357,0.00018632279890815165,-122.8286695307331
3.8350055741368148,0.0002789637656598983,-67.87117218681286,3.8350055741368148,0.0002693525422015119,-123.68887681639353
3.8573021181724942,0.0003108007663497366,-68.19271254588521,3.8573021181724942,0.0003299369504434782,-124.58339342016633
3.8795986622081733,0.00032580709216465585,-68.65177461590912,3.8795986622081733,0.0003633305058349932,-125.48835856468084
3.9018952062438523,0.0003069315927300583,-69.19520794425775,3.9018952062438523,0.0003687747687186584,-126.39628927180726
3.924191750279532,0.00024968745682377977,-69.80514679564172,3.924191750279532,0.00034873614116155363,-127.30446903438092
3.946488294315211,0.00015786284721337835,-70.52672820899322,3.946488294315211,0.0003079944954379436,-128.2118687066827
3.96878483835089,5.9232442030933745e-05,-71.96379292013043,3.96878483835089,0.0002527558776934387,-129.11720245529574
3.9910813823865694,0.0001367839689988637,-74.1003409410041,3.9910813823865694,0.00018998975286451633,-130.0153382277119
4.013377926422248,0.00028607251080407125,-74.92812199401256,4.013377926422248,0.0001271026332726983,-130.88579691926648
4.035674470457927,0.0004349124166208953,-75.6019409661184,4.035674470457927,7.243281921236804e-05,-131.6434919142425
4.0579710144936065,0.0005665810496741557,-76.23658094315883,4.0579710144936065,4.0586106094831726e-05,-131.9791958336532
4.080267558529285,0.0006686589464120019,-76.85237978420845,4.080267558529285,4.9527298106097365e-05,-132.23342342343008
4.102564102564965,0.0007324031612215127,-77.45372488163223,4.102564102564965,7.622034610998607e-05,-133.11724287326817
4.124860646600644,0.0007539702580831191,-78.0395369938594,4.124860646600644,0.00011138457343294082,-134.2341035538679
4.147157190636324,0.0007354595455366335,-78.60518663981853,4.147157190636324,0.00015805339899331822,-135.3781073347847
4.169453734672002,0.0006853382502450538,-79.1426320059565,4.169453734672002,0.0002136693014797421,-136.48494321349733
4.191750278707682,0.0006179706918850908,-79.64110956710101,4.191750278707682,0.0002695534879881223,-137.5509532150901
4.214046822743361,0.0005516624777801984,-80.09178844020514,4.214046822743361,0.00031470669048772607,-138.5873558120281
4.23634336677904,0.0005037524104762901,-80.49998495683856,4.23634336677904,0.0003392115544160428,-139.6041864326648
4.258639910814719,0.0004822470123498167,-80.8953879643178,4.258639910814719,0.00033680932773058446,-140.60756584155405
4.280936454850399,0.0004804020383620902,-81.31512394975002,4.280936454850399,0.0003065769194996007,-141.59950352037941
4.303232998886077,0.00048213747823847936,-81.77277892730007,4.303232998886077,0.0002534572569092372,-142.5762478086675
4.325529542921756,0.0004722073778518893,-82.25314135188034,4.325529542921756,0.00018757912282396479,-143.52118887201286
4.347826086957435,0.00044246173393607647,-82.72225756976432,4.347826086957435,0.00012297315525714415,-144.3807437831356
4.370122630993115,0.0003961076735804945,-83.12932573235636,4.370122630993115,7.781413459217907e-05,-145.01927049968924
4.3924191750287935,0.00035500850763720666,-83.41116286214682,4.3924191750287935,7.045465925193074e-05,-145.49457755097794
4.414715719064472,0.0003621962608441552,-83.57359360102996,4.414715719064472,8.972846734615477e-05,-146.29861660717978
4.4370122631001525,0.0004431110935016883,-83.78203316868044,4.4370122631001525,0.00011676030678185621,-147.3757637968086
4.459308807135831,0.0005706073745389889,-84.13230840204946,4.459308807135831,0.00014519255118452027,-148.54003155010523
4.481605351171511,0.0007018353620873689,-84.58316178359006,4.481605351171511,0.0001666175702003434,-149.72039894282045
4.503901895207189,0.0008028665292305251,-85.08326845844391,4.503901895207189,0.00016979640546480046,-150.9294289425411
4.526198439242869,0.0008507002229638214,-85.59974456786857,4.526198439242869,0.00015022718432389424,-152.2594904952864
4.548494983278548,0.0008341461815190899,-86.1089828769723,4.548494983278548,0.0001335113162129467,-153.91453439696375
4.570791527314228,0.0007558742220404054,-86.58649962235036,4.570791527314228,0.00018880398253282,-155.67385743975413
4.593088071349906,0.0006348531786615207,-86.99642711430585,4.593088071349906,0.0003152982615646042,-157.05362724413155
4.615384615385586,0.0005096055857981736,-87.28318135628808,4.615384615385586,0.00046556315103261735,-158.2207744597216
4.637681159421264,0.00043633297640724043,-87.4138041596823,4.637681159421264,0.0006044497502951148,-159.3049674378916
4.659977703456944,0.0004475230544562349,-87.5133659447118,4.659977703456944,0.0007040786374981042,-160.3550259347599
4.682274247492623,0.0005028032029327646,-87.73534177983746,4.682274247492623,0.0007441064739425297,-161.39445763637084
4.704570791528302,0.0005440073975150179,-88.06162022459725,4.704570791528302,0.000715124807185402,-162.44144980317648
4.726867335563981,0.0005430751066842396,-88.42271788427257,4.726867335563981,0.0006219095992568331,-163.52053666053845
4.74916387959966,0.0005007279855660947,-88.75846096611568,4.74916387959966,0.0004868448491382102,-164.68048894261267
4.7714604236353395,0.00044018194028890153,-89.01415566352689,4.7714604236353395,0.00035795333079722776,-166.0237297801703
4.793756967671018,0.0003996650706435673,-89.16392265716051,4.793756967671018,0.00031387699690109085,-167.5943970049302
4.8160535117066985,0.00040687732919222934,-89.27759998008906,4.8160535117066985,0.0003736734073867862,-169.04781854091692
4.838350055742377,0.000448944564953324,-89.45936430066165,4.838350055742377,0.0004532893960401427,-170.23698974411658
4.860646599778057,0.0004933760892133766,-89.71694718910034,4.860646599778057,0.000494009001132097,-171.26658684350394
4.882943143813735,0.0005223660219227612,-90.00494539202981,4.882943143813735,0.0004794878623049207,-172.18769665217474
4.905239687849415,0.0005392494395668568,-90.28645405673095,4.905239687849415,0.0004210486519982241,-172.9906846946119
4.927536231885093,0.0005597512947002007,-90.5543094124207,4.927536231885093,0.00035630645360019595,-173.62571338708955
4.949832775920773,0.0005954263737965714,-90.83296959166341,4.949832775920773,0.00034267984687354615,-174.11066256005003
4.972129319956452,0.000640075411159322,-91.15219708806565,4.972129319956452,0.0003998672835597838,-174.6615404717753
4.994425863992131,0.00067280876102377,-91.51890023139161,4.994425863992131,0.00048202528805357217,-175.38839313290234
5.01672240802781,0.0006714343178416003,-91.9173452584054,5.01672240802781,0.0005428259203400341,-176.24081503070065
5.039018952063489,0.0006231478451767982,-92.31797585056466,5.039018952063489,0.0005595548708016871,-177.17240716959748
5.061315496099168,0.0005312807176841119,-92.67316750925363,5.061315496099168,0.0005277631948832593,-178.16603491222585
5.083612040134848,0.0004246729726898301,-92.89640247285564,5.083612040134848,0.00045647217693039707,-179.22667184972022
5.105908584170527,0.0003739025944161091,-92.90351571023997,5.105908584170527,0.00036546865208990744,-180.3817878061449
5.128205128206206,0.00044598092393641545,-92.90657452643302,5.128205128206206,0.00028377082586055066,-181.67938579954006
5.1505016722418855,0.000597003544309703,-93.13982325415489,5.1505016722418855,0.00024243635605431595,-183.11699997322586
5.172798216277564,0.0007548605726356249,-93.52968351315575,5.172798216277564,0.00024514222238015206,-184.53055903319418
5.195094760313243,0.0008790698431672358,-93.99054789223486,5.195094760313243,0.0002590131697246139,-185.79689432473063
5.217391304348923,0.0009502251103870974,-94.47849955320467,5.217391304348923,0.00025437031636679156,-186.93810966482042
5.239687848384602,0.0009627745068250227,-94.96788300670676,5.239687848384602,0.00021959090173161004,-187.98411202616902
5.261984392420281,0.0009229726271971836,-95.43803858042118,5.261984392420281,0.00015661313315245485,-188.9025163587306
5.28428093645596,0.0008484150588240188,-95.86752061648467,5.28428093645596,8.611225778818265e-05,-189.40668761385695
5.306577480491639,0.0007675974074351432,-96.23535665295813,5.306577480491639,9.951659496034725e-05,-189.19253435346934
5.328874024527318,0.000715662999020323,-96.53723957479234,5.328874024527318,0.00019302869804025056,-189.77607005013417
5.351170568562998,0.0007186822965140981,-96.81112879766962,5.351170568562998,0.00028916046390162914,-190.66430148743547
5.373467112598677,0.0007737104009624285,-97.1184031911319,5.373467112598677,0.0003655407473557099,-191.62376076984947
5.395763656634356,0.0008535413686656813,-97.48677427161785,5.395763656634356,0.0004106652610589065,-192.60522322726476
5.418060200670035,0.0009291496283527326,-97.90545364459717,5.418060200670035,0.00041819727017054943,-193.59252757395572
5.440356744705714,0.0009816042667045134,-98.35211067084991,5.440356744705714,0.0003868593992482283,-194.57735246019996
5.462653288741394,0.0010032445875465164,-98.80607050325844,5.462653288741394,0.00032044219896753656,-195.5512100895651
5.4849498327770725,0.0009961688053962616,-99.25022241368863,5.4849498327770725,0.00022733668529079443,-196.4952705906524
5.507246376812752,0.0009705932501296318,-99.67104120172456,5.507246376812752,0.0001203963808885712,-197.326462557266
5.529542920848431,0.0009425537576467668,-100.06075723969875,5.529542920848431,4.086793912850488e-05,-197.07875496781304
5.55183946488411,0.0009294130222032191,-100.42199669158208,5.55183946488411,0.00011377897818191849,-196.88821699581442
5.574136008919789,0.0009427335696260258,-100.76984947001144,5.574136008919789,0.0001968106852005741,-197.72169292989472
5.596432552955469,0.0009823234439194663,-101.1243633250665,5.596432552955469,0.00025533636991171904,-198.6620827905922
5.618729096991148,0.001037030125992992,-101.49822286232555,5.618729096991148,0.00028317895358536316,-199.63214447258378
5.641025641026827,0.0010913815832771295,-101.89231520961422,5.641025641026827,0.00027867828844002764,-200.61927733428863
5.663322185062506,0.0011321128071017294,-102.29985248221189,5.663322185062506,0.0002434695326385311,-201.63061515569234
5.685618729098185,0.0011515264613334347,-102.7115682374584,5.685618729098185,0.0001827314585486157,-202.70559369943416
5.707915273133864,0.0011481906004956945,-103.11864408420576,5.707915273133864,0.00011048113408694622,-204.02325964162858
5.730211817169542,0.0011260840558791883,-103.51397293004943,5.730211817169542,9.059713931027537e-05,-206.06327858325557
5.752508361205223,0.0010928870797444557,-103.89286554527827,5.752508361205223,0.00017526863699061148,-207.64586457265386
5.774804905240901,0.0010579127867144603,-104.25370234567515,5.774804905240901,0.0002883079837323124,-208.74577285748776
5.797101449276581,0.0010301618611172438,-104.59849462903888,5.797101449276581,0.00040134597186865006,-209.71648173975095
5.8193979933122595,0.001016860538105105,-104.9330340924462,5.8193979933122595,0.0005022356134213997,-210.63516912033495
5.841694537347939,0.0010225077115346803,-105.26624191132652,5.841694537347939,0.0005815486661050263,-211.5233914624702
5.8639910813836185,0.001048217474650011,-105.60844360579867,5.8639910813836185,0.0006318866118628164,-212.3870876986739
5.886287625419298,0.0010913650005062467,-105.96878690723796,5.886287625419298,0.0006492690117619914,-213.22489563535146
5.9085841694549766,0.0011459171009475801,-106.35283143650202,5.9085841694549766,0.0006351319488061891,-214.03014528742028
5.930880713490656,0.0012036816614933955,-106.7614877703678,5.930880713490656,0.000598144679491646,-214.79222921094413
5.953177257526335,0.0012561583739057899,-107.19150435211907,5.953177257526335,0.0005544701949228363,-215.50204324770803
5.975473801562013,0.0012963990186622212,-107.63676545217812,5.975473801562013,0.0005234850707725373,-216.16676596529314
5.997770345597694,0.0013204464626050138,-108.08967466442267,5.997770345597694,0.0005165082195170554,-216.82374677116476
6.020066889633372,0.0013281576457726421,-108.54242123495234,6.020066889633372,0.0005267583184933218,-217.521689580207
6.042363433669052,0.0013232513141367321,-108.9883011313393,6.042363433669052,0.000534557224302284,-218.28544528483638
6.06465997770473,0.001312285312347049,-109.42323603469247,6.06465997770473,0.0005212657642815872,-219.11452096898867
6.08695652174041,0.0013022909174783355,-109.84713534020082,6.08695652174041,0.00047755652023701045,-220.0012981787816
6.109253065776088,0.0012974486166692938,-110.26404297105591,6.109253065776088,0.0004047882891179625,-220.94288721044632
6.131549609811769,0.0012963917603013456,-110.6801497713507,6.131549609811769,0.0003131191095869014,-221.9474293151609
6.153846153847447,0.001292129888324994,-111.10043346706104,6.153846153847447,0.00021837574195673692,-223.04299309084672
6.176142697883127,0.0012750599789652923,-111.52610486066969,6.176142697883127,0.00013858697891453863,-224.29305625036056
6.1984392419188055,0.0012374430185542978,-111.9541061470929,6.1984392419188055,8.87731119580192e-05,-225.76836206757687
6.220735785954485,0.0011771808904577497,-112.37812858029089,6.220735785954485,6.608791446570488e-05,-227.34983478792466
6.2430323299901636,0.001099578542000121,-112.7903411871358,6.2430323299901636,4.749158357384601e-05,-228.9264748561002
6.265328874025843,0.001016627821721943,-113.18398798278835,6.265328874025843,3.3301569954885966e-05,-231.01217479288667
6.2876254180615225,0.0009436814053686048,-113.55753239008924,6.2876254180615225,6.288176007711562e-05,-233.02561727481003
6.309921962097201,0.0008938957240695341,-113.91913466617662,6.309921962097201,0.00011221925195318355,-234.32957525703415
6.332218506132881,0.0008727224172527015,-114.28624849752339,6.332218506132881,0.00015824796895078783,-235.43506164191183
6.354515050168559,0.000876609192372609,-114.67709969372707,6.354515050168559,0.00019164864832126754,-236.46220899819883
6.376811594204239,0.0008970977713881009,-115.10147990875959,6.376811594204239,0.0002091945711465076,-237.43671823968666
6.399108138239918,0.0009259303617626909,-115.55930197239995,6.399108138239918,0.00021308596339437936,-238.35864618066745
6.421404682275598,0.0009570256453366029,-116.04466691667243,6.421404682275598,0.00021023662124041787,-239.22099179434318
6.443701226311276,0.0009854180642666424,-116.54982102518218,6.443701226311276,0.00021019816212254424,-240.02833662767878
6.465997770346956,0.0010052694350667515,-117.0671118776243,6.465997770346956,0.00022039010843594357,-240.81391225474715
6.488294314382634,0.001008681749746271,-117.58935447508229,6.488294314382634,0.00024062436657167315,-241.62248698256437
6.510590858418313,0.000986149284712315,-118.10912081596736,6.510590858418313,0.0002629878628863801,-242.47273601469195
6.532887402453993,0.0009287987828172485,-118.61696528558936,6.532887402453993,0.0002765697935312475,-243.35316675177427
6.555183946489672,0.000832208147222549,-119.09782496293437,6.555183946489672,0.00027179302594504276,-244.23684693046513
6.577480490525351,0.0007018443224444463,-119.52340617976614,6.577480490525351,0.00024377969580803712,-245.08147621846686
6.59977703456103,0.000561667175611455,-119.83852901384206,6.59977703456103,0.0001978587269409915,-245.8014139582831
6.6220735785967095,0.0004667852571791805,-119.97387069056444,6.6220735785967095,0.00016474610006831633,-246.24133591084973
6.644370122632388,0.0004829127229168549,-120.018055386448,6.644370122632388,0.00020222712396051443,-246.55862858541357
6.6666666666680685,0.0005920215795162841,-120.20759375124003,6.6666666666680685,0.0003048499530080179,-247.17304208787618
6.688963210703747,0.0007172587452345942,-120.55938025198547,6.688963210703747,0.00042757067425410014,-247.99419934407155
6.711259754739427,0.0008060952014062647,-120.99715636260673,6.711259754739427,0.0005419727742357683,-248.9007656169607
6.733556298775105,0.0008352185420396185,-121.46938986457874,6.733556298775105,0.0006292424655733571,-249.84085917796943
6.755852842810784,0.0008019773194564522,-121.94281018149,6.755852842810784,0.0006757003600407276,-250.78873278912968
6.778149386846463,0.0007206411582279909,-122.38732351401242,6.778149386846463,0.0006729201921840463,-251.72552038415114
6.800445930882143,0.0006205822483001806,-122.76854799783055,6.800445930882143,0.0006196677830104535,-252.62916644408554
6.822742474917822,0.0005429533244508796,-123.0607320517128,6.822742474917822,0.0005257612394777563,-253.46241083200113
6.845039018953501,0.0005245726502007934,-123.30010086843288,6.845039018953501,0.0004203166217865004,-254.15448110570182
6.86733556298918,0.0005669944083355773,-123.58727792379653,6.86733556298918,0.0003636815718775409,-254.63885577625373
6.889632107024859,0.0006392642718809227,-123.9695777258102,6.889632107024859,0.00040919898296553454,-255.09324331265455
6.911928651060539,0.0007126031000499744,-124.42328520336596,6.911928651060539,0.0005165471598887817,-255.74501570740316
6.934225195096218,0.0007736767366772608,-124.91150665979316,6.934225195096218,0.0006158629631168917,-256.55327892465687
6.956521739131897,0.0008211463639030712,-125.40650103109388,6.956521739131897,0.0006659893041267753,-257.44674395744505
6.978818283167576,0.0008606203269493863,-125.89193073057328,6.978818283167576,0.0006497536625861704,-258.39483378149816
7.0011148272032555,0.0009000189736349683,-126.36267925347536,7.0011148272032555,0.0005685804947756357,-259.3957639788346
7.023411371238934,0.0009443649576341787,-126.82311626151,7.023411371238934,0.00044126166901782646,-260.47863386122134
7.045707915274613,0.0009912900469516764,-127.28159402939083,7.045707915274613,0.0003066416501551468,-261.7345287492395
7.068004459310293,0.0010304660463623992,-127.74327397246981,7.068004459310293,0.00023219999799617771,-263.2926934100045
7.090301003345972,0.0010480924145481977,-128.2059801898038,7.090301003345972,0.00025700535482059953,-264.84846057676475
7.112597547381651,0.0010341413750916458,-128.6600160985122,7.112597547381651,0.00030499943180784087,-266.10061522358296
7.13489409141733,0.0009893978156186103,-129.08984581847193,7.13489409141733,0.0003128666565087694,-267.1810447530853
7.157190635453009,0.0009301176544077889,-129.47824158200316,7.157190635453009,0.0002634919428526723,-268.1846905860736
7.179487179488689,0.0008866371739534419,-129.8188390908845,7.179487179488689,0.00016260330949116283,-269.14911093274696
7.201783723524368,0.000888886029409533,-130.13641456699526,7.201783723524368,2.7901221274873817e-05,-270.0903726143937
7.224080267560047,0.0009421427086068966,-130.4815939889744,7.224080267560047,0.00011767334237642114,-267.8750860677438
7.246376811595726,0.0010213339787284593,-130.88802379922603,7.246376811595726,0.0002515957234572631,-268.7916846127506
7.268673355631405,0.0010914984535870757,-131.35500068580396,7.268673355631405,0.00035618212674932287,-269.7034350725731
7.2909698996670835,0.0011263154036641164,-131.86483226943554,7.2909698996670835,0.00042121659359521397,-270.6163696452988
7.313266443702764,0.0011137070670110849,-132.39647111780795,7.313266443702764,0.0004446288362133484,-271.5393864626118
7.3355629877384425,0.0010550460105568022,-132.9277888378148,7.3355629877384425,0.00043171033099923423,-272.4862211435594
7.357859531774122,0.0009634808549096212,-133.43325943039082,7.357859531774122,0.0003938280071586458,-273.4772257238011
7.380156075809801,0.0008638992329513411,-133.88316267836873,7.380156075809801,0.0003472998566287811,-274.53708508617535
7.40245261984548,0.000793278918720621,-134.25550505622687,7.40245261984548,0.00031080650810639036,-275.676237599528
7.424749163881159,0.0007902801112054634,-134.57130894120056,7.424749163881159,0.0002961958643444382,-276.8552158577373
7.447045707916839,0.0008653461579744023,-134.9010913982561,7.447045707916839,0.0002961858675204922,-278.0004887188971
7.469342251952518,0.0009878254772660987,-135.2916346563996,7.469342251952518,0.00028828105456395604,-279.0779123803598
7.491638795988197,0.0011116146826003657,-135.73546277416972,7.491638795988197,0.0002505701366806843,-280.099841614537
7.513935340023876,0.0011982375694711994,-136.2049419635563,7.513935340023876,0.00017063127781813094,-281.0951323569717
7.536231884059554,0.0012247100543878594,-136.67268137339735,7.536231884059554,4.803075706669025e-05,-282.1897670616417
7.558528428095234,0.0011872815618941958,-137.112690561573,7.558528428095234,0.00010968514579287822,-279.7096081583391
7.580824972130913,0.0011052755174174058,-137.4977920637719,7.580824972130913,0.00028008286038569375,-280.6943921638715
7.603121516166593,0.001022587273220047,-137.80562218465067,7.603121516166593,0.0004408761627813824,-281.6352031176164
7.625418060202271,0.0009950464190288358,-138.04676539412137,7.625418060202271,0.0005677504210000643,-282.5658069319178
7.647714604237951,0.0010506986332134158,-138.28483800255648,7.647714604237951,0.000641456104183824,-283.49111940044565
7.6700111482736295,0.001161835046858387,-138.5793768931812,7.6700111482736295,0.000651827123880537,-284.4112819841087
7.692307692309309,0.0012744957007398453,-138.93574748636917,7.692307692309309,0.0005999895575578608,-285.3232222572995
7.7146042363449885,0.0013467189166502481,-139.33013216724288,7.7146042363449885,0.0004982063593613704,-286.2184726470248
7.736900780380668,0.0013608499086589032,-139.73647585696008,7.736900780380668,0.0003676620611192784,-287.07511707120693
7.759197324416347,0.0013224165925308474,-140.13332394587607,7.759197324416347,0.00023589078301111078,-287.83006481040104
7.781493868452026,0.0012547146731874841,-140.50540510734797,7.781493868452026,0.00013930423671196823,-288.3039342389289
7.803790412487705,0.0011893885134000265,-140.84826320823373,7.803790412487705,0.00012079787566998947,-288.4909590050895
7.826086956523383,0.0011521317109943387,-141.1741456859692,7.826086956523383,0.00014800973215683405,-289.0328469393966
7.848383500559064,0.0011493049481195363,-141.50753404373663,7.848383500559064,0.00016595223975179703,-289.87019175997165
7.870680044594742,0.001167779087219605,-141.86768166620303,7.870680044594742,0.00016479363935640383,-290.82000254126166
7.892976588630422,0.0011886282008318648,-142.25752180081759,7.892976588630422,0.0001496705679510059,-291.78889162430534
7.9152731326661,0.0012005264590954888,-142.66793278430077,7.9152731326661,0.0001280283307897635,-292.6851187001003
7.93756967670178,0.0012044979509070338,-143.0868336304872,7.93756967670178,0.00011137341901504025,-293.3957746623768
7.959866220737458,0.0012114670521588674,-143.5062169608874,7.959866220737458,0.00012026854616320759,-293.9427363085505
7.982162764773139,0.001235502608425861,-143.92639087283214,7.982162764773139,0.0001619969331980721,-294.59973080102355
8.004459308808817,0.0012852994270676477,-144.3555999277744,8.004459308808817,0.00021806232306772946,-295.4347593075423
8.026755852844497,0.0013580681706036035,-144.80384476176528,8.026755852844497,0.00026811481844623376,-296.37296234142065
8.049052396880176,0.0014394855631994607,-145.27581406497617,8.049052396880176,0.0002978880922907275,-297.37003753223377
8.071348940915854,0.001508671631630183,-145.7688181750981,8.071348940915854,0.00030008193696977586,-298.4118194305104
8.093645484951534,0.0015444013023229778,-146.27492275284538,8.093645484951534,0.0002751836695355059,-299.50039901229013
8.115942028987213,0.001530412948384776,-146.78328730279614,8.115942028987213,0.00023098762046808337,-300.64849102522936
8.138238573022893,0.0014596809710657873,-147.2807418016884,8.138238573022893,0.00017983269928557893,-301.87406892107236
8.16053511705857,0.0013380039645907366,-147.75068859625884,8.16053511705857,0.00013284226407146024,-303.1823857231635
8.182831661094252,0.0011870359236147477,-148.17180384363823,8.182831661094252,9.208636216953621e-05,-304.5395357525558
8.20512820512993,0.0010455362073112683,-148.52219570905007,8.20512820512993,4.8680091410593614e-05,-305.92249605505333
8.227424749165609,0.000961627402065771,-148.80201143524002,8.227424749165609,1.2723577985856096e-05,-303.0701446299383
8.249721293201288,0.000963697144241973,-149.0630647223516,8.249721293201288,8.226009842362113e-05,-304.8992662289094
8.272017837236968,0.0010316674387890754,-149.3736411677537,8.272017837236968,0.00016325753652847704,-306.08683202770663
8.294314381272647,0.0011161430202486372,-149.75434483793705,8.294314381272647,0.00024060049938907447,-307.2136673271988
8.316610925308325,0.0011750892072779535,-150.18786443815486,8.316610925308325,0.00029991499259088685,-308.31571436341744
8.338907469344004,0.0011867069479666284,-150.65036634094392,8.338907469344004,0.00032829325124179517,-309.40549592677525
8.361204013379684,0.0011474045610681957,-151.12224721185765,8.361204013379684,0.00031660285556746223,-310.490997682345
8.383500557415363,0.001066709910962834,-151.58865144716077,8.383500557415363,0.00026116613096249883,-311.58346048350404
8.405797101451041,0.0009616241930139991,-152.03919678424782,8.405797101451041,0.0001651778842552778,-312.7225246797064
8.428093645486722,0.0008503153676961739,-152.46951863298165,8.428093645486722,4.7965805342400764e-05,-314.41052386935996
8.4503901895224,0.000745623960892921,-152.88368617174112,8.4503901895224,0.00012161593021937079,-317.41788243092253
8.47268673355808,0.0006507367899946058,-153.29340133255357,8.47268673355808,0.0002629049318904836,-318.6083260464446
8.494983277593759,0.0005602927045273298,-153.7108995483615,8.494983277593759,0.0003819559292762616,-319.6656138897669
8.517279821629439,0.0004667841113535621,-154.13968624734235,8.517279821629439,0.0004572620046967263,-320.68281710442903
8.539576365665116,0.00036747882627006406,-154.56871048699182,8.539576365665116,0.00047488844082069995,-321.6723852458753
8.561872909700798,0.00026787133385185657,-154.9668376603028,8.561872909700798,0.00043080638835009947,-322.6301351769549
8.584169453736475,0.0001817739066745964,-155.27203030135453,8.584169453736475,0.00033317745072626863,-323.53207246337496
8.606465997772155,0.0001278481135972662,-155.42451132483077,8.606465997772155,0.00020520862213710354,-324.2806551345254
8.628762541807834,0.00011035401754063766,-155.58679360858113,8.628762541807834,0.0001103614732699676,-324.4130307716086
8.651059085843512,0.00010391916651692402,-156.04257077855448,8.651059085843512,0.00016241794334745732,-324.3562909431675
8.673355629879191,9.585144190115228e-05,-156.88664108522178,8.673355629879191,0.0002464970605449588,-325.02602620091886
8.69565217391487,0.00011090269567202483,-158.02817488896284,8.69565217391487,0.0002860068329549221,-325.8826857819182
8.71794871795055,0.000165045205380426,-159.02378235255213,8.71794871795055,0.0002670771084536795,-326.78702294613436
8.74024526198623,0.00023433975052718664,-159.8003603221846,8.74024526198623,0.00019495606756475057,-327.6883791917962
8.76254180602191,0.0002935952052572881,-160.46445853242435,8.76254180602191,8.828059457107198e-05,-328.4529745597731
8.784838350057587,0.0003262583780224314,-161.061432877659,8.784838350057587,5.1977793642044445e-05,-327.3077643022821
8.807134894093267,0.0003249933540212194,-161.5950535752903,8.807134894093267,0.00015923403531198948,-327.8647129057984
8.829431438128944,0.00029407360937091614,-162.03973287297018,8.829431438128944,0.0002458466858028279,-328.82997616392976
8.851727982164626,0.0002531703047192411,-162.34261738712635,8.851727982164626,0.00029908447449519734,-329.8832431278942
8.874024526200305,0.00023720401348091604,-162.49075721224875,8.874024526200305,0.000324025989866568,-331.00413940226565
8.896321070235985,0.00026681350115752956,-162.6499946833561,8.896321070235985,0.00033643925063443504,-332.18252861435633
8.918617614271662,0.0003181029591973853,-162.95741690664997,8.918617614271662,0.0003523448284786001,-333.38148388542777
8.940914158307342,0.00035660798568288156,-163.37745107236506,8.940914158307342,0.0003745574572744105,-334.54584342477375
8.963210702343021,0.00036187919228313083,-163.84842510944696,8.963210702343021,0.00039120401842893213,-335.641441743393
8.9855072463787,0.0003274667698185286,-164.32234877338573,8.9855072463787,0.00038723810208169936,-336.66224963881785
9.007803790414378,0.00025929934875521123,-164.73985385192793,9.007803790414378,0.00035461065070379764,-337.6079357749409
9.030100334450058,0.00017944730325537817,-164.96309092496278,9.030100334450058,0.00029643881063671254,-338.46239835995715
9.052396878485737,0.00014617973459237312,-164.7774383287331,9.052396878485737,0.0002290453634112287,-339.17277683596257
9.074693422521419,0.00020561610795767214,-164.70455822083366,9.074693422521419,0.00018457955980319968,-339.66885748239963
9.096989966557096,0.0002979347844390457,-165.01059969697744,9.096989966557096,0.00019228700094059393,-340.1021720199272
9.119286510592776,0.00038280872617455885,-165.46392439521065,9.119286510592776,0.00023223713586750008,-340.74885888236616
9.141583054628455,0.0004492385929432342,-165.96566750839568,9.141583054628455,0.0002697301021861158,-341.5998472903529
9.163879598664133,0.0004976443873694348,-166.47943539018917,9.163879598664133,0.0002925202153154131,-342.59046139258044
9.186176142699813,0.0005342411532711135,-166.98998646177716,9.186176142699813,0.00030688684704338436,-343.68906895159733
9.208472686735492,0.0005673837374295121,-167.49289517829394,9.208472686735492,0.0003282977225906496,-344.8574156419826
9.230769230771172,0.000603862013233009,-167.99090455576186,9.230769230771172,0.00036710305090687325,-346.03016805662253
9.25306577480685,0.000645789527361706,-168.48939576541605,9.25306577480685,0.0004179113829353525,-347.1537134437275
9.275362318842529,0.0006894415663234952,-168.9908756626245,9.275362318842529,0.0004649087515121696,-348.2155627113724
9.297658862878208,0.0007265988991390469,-169.49164084188382,9.297658862878208,0.000493022693217467,-349.22560230416445
9.319955406913888,0.0007478323485110144,-169.98136892171476,9.319955406913888,0.000494102666474173,-350.19560139582416
9.342251950949565,0.0007471203976753373,-170.44355143480988,9.342251950949565,0.00046850223025127874,-351.1332619644399
9.364548494985247,0.0007277282576033573,-170.85607178682298,9.364548494985247,0.00042402273328396347,-352.0436383103349
9.386845039020926,0.0007085990217383907,-171.19744924122242,9.386845039020926,0.0003728998940480345,-352.9344718163102
9.409141583056604,0.0007248711319982606,-171.47155429050514,9.409141583056604,0.0003273787168194511,-353.82483730340687
9.431438127092283,0.0008081866466400397,-171.73381736874018,9.431438127092283,0.0002956666173969152,-354.75021910381093
9.453734671127963,0.0009570979269720801,-172.04943914614134,9.453734671127963,0.00028148089871636274,-355.7488009621986
9.476031215163642,0.0011392952017346364,-172.43493126825726,9.476031215163642,0.00028701865074758044,-356.830251008667
9.49832775919932,0.0013151566790591377,-172.87277644887982,9.49832775919932,0.00031289290726859944,-357.9624428686873
9.520624303235,0.0014515122700815538,-173.3406275553501,9.520624303235,0.000353980920144769,-359.10187578892294
9.542920847270679,0.0015263763719509302,-173.82000093092853,9.542920847270679,0.00039922071715738924,-360.2278463834713
9.565217391306359,0.001531267519165163,-174.29539745080567,9.565217391306359,0.000436405616467256,-361.34152242863587
9.587513935342036,0.0014728010640799262,-174.75201279590607,9.587513935342036,0.0004565431195568535,-362.4514195499432
9.609810479377717,0.0013732210316954147,-175.17489392990228,9.609810479377717,0.00045554350087249977,-363.56511878126446
9.632107023413397,0.0012682439926096052,-175.55263469248553,9.632107023413397,0.0004335718435213925,-364.6865559689911
9.654403567449075,0.001197885533031556,-175.88907003959804,9.654403567449075,0.000392950237839319,-365.81561335736876
9.676700111484754,0.001186681847652101,-176.21406491265063,9.676700111484754,0.00033591914133930615,-366.94953809107596
9.698996655520434,0.0012262406802363735,-176.5681173833453,9.698996655520434,0.00026369697628696057,-368.08751611156026
9.721293199556113,0.0012826478861205186,-176.97182824580958,9.721293199556113,0.00017752639270189317,-369.24447080263343
9.74358974359179,0.0013194305512503545,-177.42104033852124,9.74358974359179,8.214167523339932e-05,-370.5461062269121
9.76588628762747,0.0013120417153546654,-177.9001614942561,9.76588628762747,4.4847698641750266e-05,-373.50477679414865
9.78818283166315,0.0012511521750274428,-178.39059948974204,9.78818283166315,0.00013828928670450437,-375.1204236541488
9.81047937569883,0.0011417862559241336,-178.87156120368292,9.81047937569883,0.00022898544849069092,-376.225979444251
9.832775919734507,0.001002557456020279,-179.31753694182274,9.832775919734507,0.0003002278397306702,-377.2472921010395
9.855072463770187,0.0008662015134421133,-179.69850807091512,9.855072463770187,0.0003452380808836849,-378.2245751544039
9.877369007805868,0.00077734410644396,-179.99907403496817,9.877369007805868,0.00036186809819752395,-379.1646234760951
9.899665551841546,0.000772133060521299,-180.26372914392897,9.899665551841546,0.00035245371247854076,-380.064641655104
9.921962095877225,0.0008434430955776122,-180.57933035786678,9.921962095877225,0.00032317171017577667,-380.91535776572556
9.944258639912904,0.0009472009186245966,-180.9809364032534,9.944258639912904,0.00028313469038102724,-381.70042495178484
9.966555183948584,0.0010395540732742845,-181.44913257821318,9.966555183948584,0.00024384382431423573,-382.3978268095544
9.988851727984262,0.001092298523559271,-181.95414281281742,9.988851727984262,0.0002186689631602562,-382.99822742572553
