time_ps,amplitude,stderr
9.900000000000000000e+01,-1.267619047619048022e-04,6.499242021373857719e-06
9.904999999999999716e+01,-1.279523809523809390e-04,6.648781483587747311e-06
9.909999999999998010e+01,-1.221428571428571767e-04,7.986494512000683659e-06
9.914999999999999147e+01,-1.328571428571428145e-04,8.047518415021097070e-06
9.919999999999998863e+01,-1.214285714285714567e-04,6.365398853105663169e-06
9.924999999999998579e+01,-1.342857142857142817e-04,6.266772118294780753e-06
9.929999999999998295e+01,-1.375238095238094952e-04,7.086702927640165035e-06
9.934999999999996589e+01,-1.211904761904761263e-04,6.496138578764334915e-06
9.939999999999997726e+01,-1.365714285714285533e-04,6.246372449051594826e-06
9.944999999999997442e+01,-1.363809523809524408e-04,7.044477451411003789e-06
9.949999999999997158e+01,-1.160952380952380840e-04,7.336719187735981664e-06
9.954999999999996874e+01,-1.264285714285714427e-04,5.944007716110983980e-06
9.959999999999995168e+01,-1.315714285714285402e-04,6.299960664415122655e-06
9.964999999999996305e+01,-1.176666666666666762e-04,6.838240039144237955e-06
9.969999999999996021e+01,-1.187619047619047703e-04,6.950734436782086890e-06
9.974999999999995737e+01,-1.209523809523809586e-04,6.920421682208621183e-06
9.979999999999995453e+01,-1.205714285714285709e-04,7.780516894698448930e-06
9.984999999999995168e+01,-1.156190476190476266e-04,5.174610130346032951e-06
9.989999999999994884e+01,-1.116666666666666795e-04,6.685998049420567990e-06
9.994999999999994600e+01,-1.078571428571428574e-04,6.212923717609069000e-06
9.999999999999994316e+01,-1.084761904761904941e-04,7.374900598525950869e-06
1.000499999999999403e+02,-8.971428571428570139e-05,9.169497751701809188e-06
1.000999999999999375e+02,-1.050952380952381284e-04,5.424059269701548084e-06
1.001499999999999346e+02,-9.580952380952378151e-05,7.432785594599193071e-06
1.001999999999999318e+02,-9.595238095238096075e-05,6.104712909408207518e-06
1.002499999999999289e+02,-8.899999999999999491e-05,8.011117558440107944e-06
1.002999999999999261e+02,-6.585714285714283937e-05,5.963757835072373052e-06
1.003499999999999233e+02,-7.580952380952379682e-05,7.755857861883451199e-06
1.003999999999999204e+02,-7.204761904761907061e-05,8.096495167170143770e-06
1.004499999999999176e+02,-6.490476190476189740e-05,6.483260280074715245e-06
1.004999999999999147e+02,-4.857142857142857589e-05,6.608688610015825024e-06
1.005499999999999119e+02,-5.419047619047620535e-05,6.326279467377561600e-06
1.005999999999999091e+02,-3.447619047619047072e-05,8.161579568953588340e-06
1.006499999999999062e+02,-3.485714285714285835e-05,7.518727294103495375e-06
1.006999999999998892e+02,-1.023809523809523970e-05,8.655199735032044253e-06
1.007499999999999005e+02,1.152380952380952593e-05,4.878017479442689185e-06
1.007999999999998977e+02,3.476190476190475297e-06,7.452056747492175368e-06
1.008499999999998948e+02,3.066666666666667573e-05,6.377990309889636230e-06
1.008999999999998920e+02,4.533333333333333523e-05,5.646288555502899273e-06
1.009499999999998749e+02,5.885714285714286573e-05,8.934415321099619070e-06
1.009999999999998863e+02,5.571428571428571521e-05,6.685202608479693497e-06
1.010499999999998835e+02,4.719047619047618428e-05,6.151547755688757224e-06
1.010999999999998806e+02,4.785714285714285585e-05,6.157933826535143174e-06
1.011499999999998778e+02,3.676190476190476262e-05,7.836756346027030427e-06
1.011999999999998607e+02,1.504761904761904883e-05,5.701667852912396612e-06
1.012499999999998721e+02,-1.371428571428571415e-05,6.813209601420339930e-06
1.012999999999998693e+02,-6.552380952380952052e-05,6.377685561694987542e-06
1.013499999999998664e+02,-1.074285714285714145e-04,6.876060450652222578e-06
1.013999999999998636e+02,-1.814761904761904795e-04,6.722912230634442225e-06
1.014499999999998607e+02,-2.503809523809522844e-04,8.021014942264331180e-06
1.014999999999998579e+02,-3.273333333333333932e-04,9.291857959451614666e-06
1.015499999999998550e+02,-3.922380952380952906e-04,6.799427207085554330e-06
1.015999999999998522e+02,-4.733809523809522839e-04,8.307439524445961240e-06
1.016499999999998494e+02,-5.457619047619047953e-04,7.873202168449096539e-06
1.016999999999998465e+02,-6.011428571428571645e-04,7.350981502992457950e-06
1.017499999999998437e+02,-6.328095238095238781e-04,6.414290848730409624e-06
1.017999999999998408e+02,-6.407619047619047192e-04,6.642456851210418021e-06
1.018499999999998380e+02,-6.122380952380951629e-04,7.764154620161194871e-06
1.018999999999998352e+02,-5.547619047619045804e-04,6.288221859474988108e-06
1.019499999999998323e+02,-4.415714285714285943e-04,8.662096051262405523e-06
1.019999999999998295e+02,-3.251904761904762060e-04,9.878183094160917211e-06
1.020499999999998124e+02,-2.017619047619047820e-04,1.110743298369665882e-05
1.020999999999998238e+02,-9.004761904761904735e-05,1.047521382790388534e-05
1.021499999999998209e+02,-2.909523809523809369e-05,7.349765874979799436e-06
1.021999999999998181e+02,-1.342857142857143020e-05,8.130814183943250417e-06
1.022499999999998153e+02,-1.178571428571428429e-04,6.276108409443528733e-06
1.022999999999997982e+02,-2.870476190476191195e-04,8.297538933886145811e-06
1.023499999999998096e+02,-6.247142857142858443e-04,9.396728679713092178e-06
1.023999999999998067e+02,-1.021095238095238045e-03,9.704757787968744913e-06
1.024499999999998039e+02,-1.506047619047619097e-03,1.283816731914873125e-05
1.024999999999998010e+02,-2.000476190476190540e-03,1.237193985596396534e-05
1.025499999999997840e+02,-2.435619047619048006e-03,1.174835118363252321e-05
1.025999999999997954e+02,-2.661523809523810239e-03,1.230633366119016255e-05
1.026499999999997925e+02,-2.537523809523809827e-03,1.431232593177529042e-05
1.026999999999997897e+02,-2.021571428571427697e-03,1.741809934078016804e-05
1.027499999999997868e+02,-1.026857142857142942e-03,2.635172378215317122e-05
1.027999999999997698e+02,3.619999999999999629e-04,2.566600405541025827e-05
1.028499999999997812e+02,1.971999999999999361e-03,3.197511787726991405e-05
1.028999999999997783e+02,3.583904761904761673e-03,3.278307402869290579e-05
1.029499999999997755e+02,4.822904761904762624e-03,3.561161129281476987e-05
1.029999999999997726e+02,5.253809523809524311e-03,4.086473508789851747e-05
1.030499999999997698e+02,4.685238095238093876e-03,3.832939656691008670e-05
1.030999999999997669e+02,3.249190476190476264e-03,3.840528943184529401e-05
1.031499999999997641e+02,1.111904761904761868e-03,3.437369349442627735e-05
1.031999999999997613e+02,-1.035666666666666506e-03,2.948399132614222635e-05
1.032499999999997584e+02,-2.526761904761904484e-03,3.119130877703391670e-05
1.032999999999997556e+02,-3.018809523809523436e-03,3.388670329158511224e-05
1.033499999999997527e+02,-2.369761904761904462e-03,3.401548282800729699e-05
1.033999999999997499e+02,-8.513809523809523104e-04,2.986648202804003318e-05
1.034499999999997470e+02,7.667619047619048545e-04,2.426086052063277938e-05
1.034999999999997442e+02,1.800571428571428722e-03,2.208284604409475364e-05
1.035499999999997414e+02,1.709761904761904682e-03,2.580172104693621464e-05
1.035999999999997385e+02,6.242857142857142659e-04,2.786365991562752870e-05
1.036499999999997215e+02,-9.853333333333332868e-04,2.664281813407644306e-05
1.036999999999997328e+02,-2.323619047619047452e-03,2.060295623012825918e-05
1.037499999999997300e+02,-2.666428571428571762e-03,2.554090895896768030e-05
1.037999999999997272e+02,-1.906571428571428696e-03,3.052208491631074196e-05
1.038499999999997243e+02,-5.080476190476189077e-04,3.114798909916520714e-05
1.038999999999997073e+02,9.432857142857141051e-04,1.920787600985200000e-05
1.039499999999997186e+02,1.801619047619047341e-03,2.159556497838789130e-05
1.039999999999997158e+02,1.667857142857143236e-03,2.286680280568177944e-05
1.040499999999997129e+02,7.999047619047618737e-04,2.473982095643984395e-05
1.040999999999997101e+02,-2.193809523809523441e-04,1.632208249118819726e-05
1.041499999999996930e+02,-9.018571428571427228e-04,1.505219834738710983e-05
1.041999999999997044e+02,-9.571428571428574695e-04,1.624711980156645581e-05
1.042499999999997016e+02,-4.973333333333333512e-04,1.724265483852688410e-05
1.042999999999996987e+02,8.533333333333332495e-05,1.167427675349994090e-05
1.043499999999996959e+02,3.971428571428570848e-04,8.050335652258641482e-06
1.043999999999996930e+02,3.107619047619048294e-04,9.677322857660274765e-06
1.044499999999996902e+02,-7.804761904761906737e-05,9.296206061826348295e-06
1.044999999999996874e+02,-5.157142857142856885e-04,8.745474094431837515e-06
1.045499999999996845e+02,-7.177142857142856111e-04,8.279573923050793872e-06
1.045999999999996817e+02,-6.398571428571426427e-04,9.863787237762669822e-06
1.046499999999996788e+02,-3.893333333333332739e-04,9.027965286732272127e-06
1.046999999999996760e+02,-1.559999999999999972e-04,6.081084758226503469e-06
1.047499999999996732e+02,-1.122380952380952609e-04,7.806968914529959357e-06
1.047999999999996703e+02,-2.285238095238095388e-04,7.195696472686110557e-06
1.048499999999996675e+02,-4.100476190476189109e-04,7.429025656209990734e-06
1.048999999999996646e+02,-5.331904761904763829e-04,7.034111742013780961e-06
1.049499999999996618e+02,-5.030476190476190030e-04,6.333239560794549221e-06
1.049999999999996589e+02,-3.393809523809523335e-04,7.605490347447433395e-06
1.050499999999996561e+02,-1.713333333333333689e-04,5.680721532317878185e-06
1.050999999999996533e+02,-7.580952380952382392e-05,5.953260705961880771e-06
1.051499999999996504e+02,-1.220476190476190798e-04,7.969752368353183436e-06
1.051999999999996476e+02,-2.166666666666667651e-04,6.564753914133935101e-06
1.052499999999996305e+02,-3.361904761904761481e-04,6.441718311278229698e-06
1.052999999999996419e+02,-4.103333333333332423e-04,4.573370949780182233e-06
1.053499999999996390e+02,-3.959047619047618115e-04,6.358151295421937174e-06
1.053999999999996362e+02,-3.439523809523809851e-04,6.256602171043270561e-06
1.054499999999996334e+02,-2.505238095238094230e-04,6.647953165231989580e-06
1.054999999999996163e+02,-1.486190476190476020e-04,6.312169470563671520e-06
1.055499999999996277e+02,-6.771428571428570874e-05,5.961543967696789997e-06
1.055999999999996248e+02,-2.180952380952380900e-05,6.300059217160242341e-06
1.056499999999996220e+02,2.504761904761904626e-05,5.984953959831818371e-06
1.056999999999996191e+02,3.385714285714285437e-05,5.730687910942338991e-06
1.057499999999996021e+02,4.852380952380953421e-05,6.121616849472356815e-06
1.057999999999996135e+02,5.247619047619048134e-05,5.132621880113079277e-06
1.058499999999996106e+02,2.519047619047618824e-05,4.909641365647007378e-06
1.058999999999996078e+02,-4.666666666666667161e-06,5.702235972574588035e-06
1.059499999999996049e+02,-3.342857142857142506e-05,6.077088198456337708e-06
1.059999999999996021e+02,-9.190476190476190316e-05,5.258381660871909762e-06
1.060499999999995993e+02,-1.530000000000000056e-04,5.598934948930757937e-06
1.060999999999995964e+02,-2.229047619047619703e-04,7.349765874979800283e-06
1.061499999999995936e+02,-2.568095238095237376e-04,6.453060770305717791e-06
1.061999999999995907e+02,-2.545238095238095744e-04,7.049246763064391980e-06
1.062499999999995879e+02,-2.292857142857142869e-04,5.871573948137061553e-06
1.062999999999995850e+02,-1.623809523809524493e-04,5.767701961738933415e-06
1.063499999999995822e+02,-9.461904761904761760e-05,6.022816818348675163e-06
1.063999999999995794e+02,-6.519047619047620167e-05,5.670890592136273158e-06
1.064499999999995765e+02,-2.328571428571428735e-05,5.949455063203416342e-06
1.064999999999995737e+02,-1.223809523809523410e-05,6.321400280073856517e-06
1.065499999999995708e+02,2.476190476190473860e-06,7.319656238848819609e-06
1.065999999999995538e+02,1.933333333333333683e-05,5.671533191097211058e-06
1.066499999999995651e+02,4.676190476190476174e-05,5.704337523348606169e-06
1.066999999999995623e+02,4.433333333333334481e-05,5.424775893953781796e-06
1.067499999999995595e+02,2.785714285714285761e-05,6.391389068692755279e-06
1.067999999999995566e+02,-6.809523809523809468e-06,6.390561181682188438e-06
1.068499999999995396e+02,-5.466666666666667633e-05,6.415919354544690850e-06
1.068999999999995509e+02,-9.885714285714284190e-05,6.835661742725815722e-06
1.069499999999995481e+02,-1.200952380952380864e-04,6.326330672480045103e-06
1.069999999999995453e+02,-1.208571428571428752e-04,5.846154174027419332e-06
1.070499999999995424e+02,-1.330000000000000344e-04,6.578757128172003520e-06
1.070999999999995254e+02,-1.240476190476190606e-04,4.650354432759524555e-06
1.071499999999995367e+02,-1.421428571428571207e-04,6.718976023763152455e-06
1.071999999999995339e+02,-1.343809523809523922e-04,6.466111938910582989e-06
1.072499999999995310e+02,-1.337142857142857545e-04,5.431315692560263751e-06
1.072999999999995282e+02,-1.137142857142857156e-04,5.631371243284269302e-06
1.073499999999995111e+02,-9.119047619047618313e-05,6.792372514152788228e-06
1.073999999999995225e+02,-8.442857142857142466e-05,6.124755801244530228e-06
1.074499999999995197e+02,-8.009523809523811700e-05,5.913186149205703677e-06
1.074999999999995168e+02,-8.366666666666664940e-05,6.083290622035009486e-06
1.075499999999995140e+02,-1.079047619047618991e-04,4.704873905044541379e-06
1.075999999999995111e+02,-1.368571428571428575e-04,7.828415841676850110e-06
1.076499999999995083e+02,-1.630000000000000047e-04,6.221989386638138668e-06
1.076999999999995055e+02,-1.723809523809523671e-04,6.167075954513953776e-06
1.077499999999995026e+02,-1.637142857142856976e-04,6.098426037066910765e-06
1.077999999999994998e+02,-1.622380952380952294e-04,5.964065628845884831e-06
1.078499999999994969e+02,-1.564285714285714671e-04,6.053254110440003867e-06
1.078999999999994941e+02,-1.512380952380952331e-04,6.512834835975120399e-06
1.079499999999994913e+02,-1.615238095238095365e-04,7.294209029685856141e-06
1.079999999999994884e+02,-1.567142857142856901e-04,6.364877202867323546e-06
1.080499999999994856e+02,-1.604761904761905112e-04,6.455783507642496174e-06
1.080999999999994827e+02,-1.431904761904762274e-04,5.708353875054959653e-06
1.081499999999994799e+02,-1.240000000000000054e-04,6.564523632491693058e-06
1.081999999999994628e+02,-1.143333333333333522e-04,6.784307846450099201e-06
1.082499999999994742e+02,-1.238571428571428126e-04,5.702127087357468770e-06
1.082999999999994714e+02,-1.152857142857142806e-04,7.245867202260582678e-06
1.083499999999994685e+02,-1.363809523809523595e-04,6.816758759000061523e-06
1.083999999999994657e+02,-1.655714285714285263e-04,6.296360289822600094e-06
1.084499999999994486e+02,-1.648571428571428334e-04,4.724684470210842218e-06
1.084999999999994600e+02,-1.599047619047619297e-04,6.546173825247151851e-06
1.085499999999994571e+02,-1.587142857142857116e-04,5.985932650701698403e-06
1.085999999999994543e+02,-1.642857142857143333e-04,5.632176521956107820e-06
1.086499999999994515e+02,-1.615238095238095365e-04,6.629765055300116911e-06
1.086999999999994344e+02,-1.611428571428571489e-04,5.441147861900984034e-06
1.087499999999994458e+02,-1.653333333333333586e-04,6.728511328773709166e-06
1.087999999999994429e+02,-1.474761904761904933e-04,6.413230204033674371e-06
1.088499999999994401e+02,-1.313333333333333182e-04,5.376806943721609613e-06
1.088999999999994373e+02,-1.171428571428571636e-04,6.250312593413797987e-06
1.089499999999994344e+02,-1.119523809523809566e-04,5.974051256373534230e-06
1.089999999999994316e+02,-8.461904761904763203e-05,5.935590832188223600e-06
1.090499999999994287e+02,-8.638095238095239094e-05,6.461902338925782160e-06
1.090999999999994259e+02,-9.342857142857144013e-05,6.907646594223210100e-06
1.091499999999994230e+02,-1.043809523809523948e-04,6.507361293090481578e-06
1.091999999999994202e+02,-1.159047619047619173e-04,6.937672759288720975e-06
1.092499999999994174e+02,-1.330000000000000344e-04,6.682379442334733372e-06
1.092999999999994145e+02,-1.405238095238095140e-04,7.286199648884129817e-06
1.093499999999994117e+02,-1.521428571428570927e-04,6.598080136194247025e-06
1.093999999999994088e+02,-1.589047619047618783e-04,5.051302510885027696e-06
1.094499999999994060e+02,-1.618095238095237866e-04,6.607838924744760313e-06
1.094999999999994031e+02,-1.607619047619047612e-04,6.901297121152847449e-06
1.095499999999993861e+02,-1.310476190476190410e-04,6.210311845715515992e-06
1.095999999999993975e+02,-1.373333333333333285e-04,7.768961637708962482e-06
1.096499999999993946e+02,-1.091428571428571317e-04,5.704810738777731873e-06
1.096999999999993918e+02,-9.695238095238093085e-05,6.990190111973587108e-06
1.097499999999993889e+02,-1.029523809523809818e-04,6.265565866277567026e-06
1.097999999999993719e+02,-8.576190476190475426e-05,7.024157337942682609e-06
1.098499999999993832e+02,-1.064285714285714309e-04,5.213594524437179519e-06
1.098999999999993804e+02,-1.089047619047619098e-04,6.302719558771335973e-06
1.099499999999993776e+02,-1.040476190476190353e-04,6.650486520057067487e-06
1.099999999999993747e+02,-1.045714285714285886e-04,5.530900913720614217e-06
1.100499999999993577e+02,-1.143809523809523804e-04,5.531701298224668037e-06
1.100999999999993690e+02,-1.043333333333333260e-04,7.095371256873363592e-06
1.101499999999993662e+02,-1.047142857142857136e-04,6.526353841207308404e-06
1.101999999999993634e+02,-1.133333333333333686e-04,5.733565359435138462e-06
1.102499999999993605e+02,-9.571428571428571171e-05,6.421184972892951179e-06
1.102999999999993435e+02,-1.079999999999999824e-04,6.387700766976751255e-06
1.103499999999993548e+02,-1.091904761904761599e-04,7.042166334583654991e-06
1.103999999999993520e+02,-9.671428571428570891e-05,6.780932794437813446e-06
1.104499999999993491e+02,-7.390476190476188577e-05,6.135637093570782414e-06
1.104999999999993463e+02,-7.080952380952379725e-05,5.976545056378939926e-06
1.105499999999993435e+02,-6.433333333333332950e-05,6.015820664009760849e-06
1.105999999999993406e+02,-6.295238095238094467e-05,8.891953634280062019e-06
1.106499999999993378e+02,-6.566666666666665911e-05,6.192643088395858553e-06
1.106999999999993349e+02,-5.985714285714286971e-05,7.447896979694940169e-06
1.107499999999993321e+02,-6.219047619047621007e-05,6.458592871259742188e-06
1.107999999999993292e+02,-6.680952380952380845e-05,6.256084393989134313e-06
1.108499999999993264e+02,-6.819047619047622038e-05,6.451215682446920086e-06
1.108999999999993236e+02,-7.742857142857145780e-05,7.099323117517565768e-06
1.109499999999993207e+02,-7.576190476190475514e-05,6.029858578062953130e-06
