freq_THz,fft_mag,n,k,eps_real,eps_imag,sigma_real,sigma_imag
0.000000000000000000e+00,2.064823809523813353e-03,nan,nan,nan,nan,nan,nan
2.089864158829575144e-02,1.893441986584024376e-03,1.002365431789167438e+01,5.097255930711411809e-01,1.002138257043566796e+02,1.021862628385487781e+01,1.188062184610753569e+01,-1.153503330444162174e+02
4.179728317659150288e-02,1.490242498572528010e-03,7.085547327013694385e+00,4.863783891736097043e-01,4.996841698589579295e+01,6.892514190652593520e+00,1.602707690708935218e+01,-1.138656466047934970e+02
6.269592476488726474e-02,1.019436765603210253e-03,6.186102711825509637e+00,1.096089037630753715e+00,3.706645558284061082e+01,1.356103873617963806e+01,4.729997024732793420e+01,-1.257973160598409095e+02
8.359456635318300577e-02,4.301236925661175480e-04,5.141108010975459663e+00,1.675115931111244016e+00,2.362497819785335551e+01,1.722390386549726671e+01,8.010105579964039180e+01,-1.052191567744550298e+02
1.044932079414787607e-01,7.879289938273956184e-04,3.595775641975386350e+00,1.291840917277329526e+00,1.126074951187156969e+01,9.290340207305922249e+00,5.400677926693490605e+01,-5.964798076664344961e+01
1.253918495297745295e-01,2.155482538794670135e-03,3.173919114780362705e+00,7.617043913402815614e-01,9.493568967381092349e+00,4.835176254974123289e+00,3.372952433071392164e+01,-5.924996857046537713e+01
1.462904911180702705e-01,3.537805010670308156e-03,2.924946557894479326e+00,5.019018709065541373e-01,8.303406878519263401e+00,2.936072299417849862e+00,2.389524248492146796e+01,-5.943882184470167829e+01
1.671891327063660115e-01,4.563071815800878381e-03,2.740005961675875401e+00,3.609095747161231160e-01,7.377376948897565789e+00,1.977788772696164266e+00,1.839570983196078657e+01,-5.931693892721760619e+01
1.880877742946617803e-01,5.425344169761359830e-03,2.575530325143583710e+00,2.831166764884845977e-01,6.553201403228328559e+00,1.458351171699915128e+00,1.525988570053917215e+01,-5.810755346845583347e+01
2.089864158829575214e-01,7.104656948787226728e-03,2.422172622649210183e+00,2.156100608710743161e-01,5.820432515562524500e+00,1.044489573219291811e+00,1.214369260301337583e+01,-5.604445672170601256e+01
2.298850574712532902e-01,1.016586663858243429e-02,2.307603181724818597e+00,1.473188702484588553e-01,5.303329594775223477e+00,6.799069874268987013e-01,8.695385604813141711e+00,-5.503563120124284325e+01
2.507836990595490589e-01,1.392093853709090896e-02,2.231416894456752509e+00,9.970547612214222810e-02,4.969280174898274893e+00,4.449689677776050289e-01,6.208084600691649690e+00,-5.537830481233130797e+01
2.716823406478448000e-01,1.729385381956038276e-02,2.174234644416480400e+00,8.013843471144263542e-02,4.720874120262858575e+00,3.484795221978536084e-01,5.267047939850907134e+00,-5.623866288030555438e+01
2.925809822361405410e-01,1.952176071716951386e-02,2.119486816083072434e+00,8.248346532314360102e-02,4.485420841498245714e+00,3.496452345944963125e-01,5.691179788719304966e+00,-5.673223795348156528e+01
3.134796238244362820e-01,2.045659538003140668e-02,2.059429082430032310e+00,9.512838438166691668e-02,4.232198736043538467e+00,3.918203227203754246e-01,6.833211661554937422e+00,-5.636843424111473411e+01
3.343782654127320231e-01,2.057456248599692089e-02,1.994308034225773962e+00,1.077258053827220008e-01,3.965659686232114733e+00,4.296768783364092181e-01,7.992978102109570493e+00,-5.516809054780782873e+01
3.552769070010278196e-01,2.058061505192810420e-02,1.929128500257020207e+00,1.142325639893597145e-01,3.708487691828316724e+00,4.407385896986151796e-01,8.711173333834004495e+00,-5.353310626193751887e+01
3.761755485893235607e-01,2.076955672257600055e-02,1.870146738771738093e+00,1.144727786577385831e-01,3.484344807484943907e+00,4.281617873698176924e-01,8.960393166463493486e+00,-5.199134274189638205e+01
3.970741901776193017e-01,2.083050347898281196e-02,1.820153008696099528e+00,1.128463435191852937e-01,3.300222677819813377e+00,4.107952233535974162e-01,9.074561376090835907e+00,-5.081245029615342901e+01
4.179728317659150427e-01,2.037593329413637730e-02,1.776868656312104333e+00,1.133356480511539949e-01,3.144417252665208107e+00,4.027651213298311106e-01,9.365446913117191130e+00,-4.986386575157774814e+01
4.388714733542107838e-01,1.951313316262021091e-02,1.736069097412364037e+00,1.158809168357422675e-01,3.000507524103487977e+00,4.023545573966885724e-01,9.823695127480423395e+00,-4.884342840349073356e+01
4.597701149425065803e-01,1.885551350630186584e-02,1.696018288989332046e+00,1.168343365179343313e-01,2.862827774396715430e+00,3.963063430327016246e-01,1.013678792549017338e+01,-4.764771097598657690e+01
4.806687565308023213e-01,1.891395601614552849e-02,1.659606062826377348e+00,1.133065414977403457e-01,2.741453911423890499e+00,3.760884464550767747e-01,1.005690816405479815e+01,-4.656788110404254155e+01
5.015673981190981179e-01,1.949025877643725119e-02,1.630705979758707347e+00,1.073101658632980709e-01,2.647686520723197212e+00,3.499826583243577649e-01,9.765723495299997836e+00,-4.597613791881916256e+01
5.224660397073938034e-01,1.993043737080826133e-02,1.609055889204296097e+00,1.034235520296811345e-01,2.578364423468591848e+00,3.328285509515707119e-01,9.674025753566992236e+00,-4.587688777748775237e+01
5.433646812956895999e-01,1.984129173980628616e-02,1.590717112449052895e+00,1.039008906326126247e-01,2.519585536764002764e+00,3.305538494559888130e-01,9.992225430098322647e+00,-4.593515177225167179e+01
5.642633228839852855e-01,1.942170719939114928e-02,1.571718500078905345e+00,1.071317219895176753e-01,2.458821837633844876e+00,3.367618187924700246e-01,1.057141852278681249e+01,-4.579443195522126331e+01
5.851619644722810820e-01,1.926000162671981722e-02,1.551033959504811932e+00,1.093729050556125626e-01,2.393743911176870576e+00,3.392821799819012440e-01,1.104500044237706469e+01,-4.537197360713153671e+01
6.060606060605768786e-01,1.977989860937663311e-02,1.530936888573442456e+00,1.081850781705385456e-01,2.332063745656167253e+00,3.312490539289578706e-01,1.116861449684608942e+01,-4.491275155052750989e+01
6.269592476488725641e-01,2.084348910284528414e-02,1.514057265608305558e+00,1.044229583165874331e-01,2.281465249317711219e+00,3.162046774710848829e-01,1.102900163285111113e+01,-4.469662637567846275e+01
6.478578892371683606e-01,2.198055461434810648e-02,1.500662479210236988e+00,1.004120206307091007e-01,2.241905302622273055e+00,3.013691036443787441e-01,1.086193192394598483e+01,-4.476069606985500116e+01
6.687565308254640462e-01,2.288016943927237076e-02,1.489178281568149798e+00,9.739954077633249108e-02,2.208165283750826990e+00,2.900905615176515018e-01,1.079270318112800631e+01,-4.494930559977060369e+01
6.896551724137598427e-01,2.360905457126954987e-02,1.478003376621270126e+00,9.499478383588268182e-02,2.175469972347849890e+00,2.808052225416844960e-01,1.077372229583611407e+01,-4.509954243208542835e+01
7.105538140020556392e-01,2.448241638384627064e-02,1.466678414553084231e+00,9.203594554691106600e-02,2.142674956443234802e+00,2.699742693932750126e-01,1.067205237448444244e+01,-4.516981195867140997e+01
7.314524555903513248e-01,2.573938903060034311e-02,1.455893986341519231e+00,8.786059351524806715e-02,2.111907815572548142e+00,2.558314194704927047e-01,1.041042791201219586e+01,-4.524634301282943483e+01
7.523510971786471213e-01,2.729855338842423693e-02,1.446480198282220186e+00,8.293266549898503648e-02,2.085427137015804622e+00,2.399209168700898454e-01,1.004193184646609716e+01,-4.543074224795265792e+01
7.732497387669428068e-01,2.882171238496381016e-02,1.438465303415366270e+00,7.828984757868980016e-02,2.063053128895967259e+00,2.252344587032455991e-01,9.689095009509554046e+00,-4.573022629543589801e+01
7.941483803552386034e-01,2.998788662639909411e-02,1.431100560232498431e+00,7.460259524933475495e-02,2.042483266279834897e+00,2.135276317122425938e-01,9.433749417267156545e+00,-4.605739232396634009e+01
8.150470219435343999e-01,3.071064899088292444e-02,1.423523497624577416e+00,7.176748134237112553e-02,2.021268576911082526e+00,2.043253921123975025e-01,9.264747857756281846e+00,-4.630748906100672713e+01
8.359456635318300854e-01,3.115280827879451583e-02,1.415376441741317493e+00,6.914896689511570993e-02,1.998508892213651356e+00,1.957436374281940616e-01,9.103204561811850226e+00,-4.643640438092613465e+01
8.568443051201258820e-01,3.155068135937348639e-02,1.406995131261163490e+00,6.617263401791599609e-02,1.975256481899749561e+00,1.862091477718693100e-01,8.876290873932225267e+00,-4.648890945269531727e+01
8.777429467084215675e-01,3.199980823265047986e-02,1.399051616483322213e+00,6.284632461124349534e-02,1.953395765067455159e+00,1.758505040747916082e-01,8.586962460282668630e+00,-4.655530382184611682e+01
8.986415882967173641e-01,3.241655446982213973e-02,1.391898786058097137e+00,5.977070676187624942e-02,1.933809693243190297e+00,1.663895483673800968e-01,8.318425948905959544e+00,-4.668458361617209817e+01
9.195402298850131606e-01,3.272184091219040858e-02,1.385191994018641237e+00,5.757810842331562151e-02,1.915441621723732224e+00,1.595134696374281846e-01,8.160122800963096168e+00,-4.683062858176131726e+01
9.404388714733089571e-01,3.303625502011309917e-02,1.378182229385548574e+00,5.629225914532973163e-02,1.896217438954435952e+00,1.551619824121191205e-01,8.117914815805489681e+00,-4.688917164352504585e+01
9.613375130616046427e-01,3.364193183372921059e-02,1.370454028236124167e+00,5.526763896240462909e-02,1.875089731592140652e+00,1.514835168942543775e-01,8.101582657661005271e+00,-4.680120939041264450e+01
9.822361546499003282e-01,3.469901829685726607e-02,1.362319403539714813e+00,5.383893019507441507e-02,1.853015526856254258e+00,1.466916385411402290e-01,8.015855394143972745e+00,-4.661239849960244186e+01
1.003134796238196236e+00,3.601452994812225084e-02,1.354405636248371625e+00,5.192022493692107638e-02,1.831718917743855979e+00,1.406420905796983145e-01,7.848798994659678563e+00,-4.641565393773895210e+01
1.024033437826491921e+00,3.715402687064704723e-02,1.347031668892963552e+00,4.988617177064976621e-02,1.812005686866631882e+00,1.343965064297988066e-01,7.656507564994800674e+00,-4.625959297208849108e+01
1.044932079414787607e+00,3.778174468225026228e-02,1.340074064187084524e+00,4.807935217398340288e-02,1.793486873401420434e+00,1.288597857425441418e-01,7.490901139991961166e+00,-4.612712717377208804e+01
1.065830721003083292e+00,3.789032069641370959e-02,1.333244971574778504e+00,4.652252613094952360e-02,1.775377808791827050e+00,1.240518480580893729e-01,7.355633312404624036e+00,-4.597589579945439198e+01
1.086729362591379200e+00,3.773346775695214650e-02,1.326423269967830443e+00,4.497146504008351503e-02,1.757376258444300454e+00,1.193023954274230886e-01,7.212721506183899400e+00,-4.578905568478320021e+01
1.107628004179675107e+00,3.752214128581903702e-02,1.319789216476448424e+00,4.320055247296192974e-02,1.739977288193548466e+00,1.140312465992802393e-01,7.026618875985190193e+00,-4.559748784728220272e+01
1.128526645767970571e+00,3.715848568641490907e-02,1.313645218025648820e+00,4.126266432905163067e-02,1.723961151374122425e+00,1.084090033577123774e-01,6.806216632526417065e+00,-4.545228050410798204e+01
1.149425287356266256e+00,3.628711236753823927e-02,1.308110180740361006e+00,3.945154299212619287e-02,1.709595820712120462e+00,1.032139300678326377e-01,6.600056613071039635e+00,-4.537539250778136335e+01
1.170323928944562164e+00,3.463226081980701893e-02,1.303012863025245549e+00,3.804156858768741045e-02,1.696395360268635688e+00,9.913730639882764595e-02,6.454636627774156921e+00,-4.534094341557651830e+01
1.191222570532857850e+00,3.233466110415553207e-02,1.298020774852018278e+00,3.707696903613662970e-02,1.683483230314527290e+00,9.625335215490071761e-02,6.378776349833250592e+00,-4.529490731940146020e+01
1.212121212121153757e+00,3.004387089070908318e-02,1.292874090329925174e+00,3.631152697531046109e-02,1.670204886455152860e+00,9.389246481339010020e-02,6.331482195776119148e+00,-4.519415178360299734e+01
1.233019853709449443e+00,2.862491987457979961e-02,1.287649019578788412e+00,3.536943703207560963e-02,1.656789000546249113e+00,9.108684183481170760e-02,6.248191222886636531e+00,-4.505308544941982518e+01
1.253918495297745128e+00,2.852764631111155344e-02,1.282733534270203979e+00,3.418245481230100524e-02,1.644236879724333633e+00,8.769396214282881852e-02,6.117410149651473006e+00,-4.494107838788892906e+01
1.274817136886041036e+00,2.940241681818480529e-02,1.278283870860194904e+00,3.309777561774730065e-02,1.632914191750480803e+00,8.461670546703239926e-02,6.001124040267767690e+00,-4.488707697347391701e+01
1.295715778474336721e+00,3.048456684554338644e-02,1.274034949743030776e+00,3.233445728200592950e-02,1.622119536039005050e+00,8.239045731649720372e-02,5.939026447851084356e+00,-4.484480968551054758e+01
1.316614420062632629e+00,3.121245401001008363e-02,1.269730090883646856e+00,3.175324335854553398e-02,1.611206235231606998e+00,8.063609715099315234e-02,5.906316357939947359e+00,-4.476875137525017578e+01
1.337513061650928092e+00,3.145411788838803346e-02,1.265372342052297316e+00,3.110700780512929212e-02,1.600199518096327767e+00,7.872389464123108471e-02,5.857781953884780179e+00,-4.466036546918519434e+01
1.358411703239223778e+00,3.137470462424248041e-02,1.261159316957008114e+00,3.028904022587196321e-02,1.589605396789662839e+00,7.639861056508805148e-02,5.773583794055104690e+00,-4.455756640877731201e+01
1.379310344827519685e+00,3.118861943525686950e-02,1.257277482693479831e+00,2.942760005539853119e-02,1.579880684843032901e+00,7.399731783872394442e-02,5.678146195537984831e+00,-4.449684665170843800e+01
1.400208986415815371e+00,3.099251092784847256e-02,1.253690167376997788e+00,2.876619301316762564e-02,1.570911541917293874e+00,7.212778666695429663e-02,5.618547600260888508e+00,-4.447237080228161688e+01
1.421107628004111278e+00,3.076610492431536975e-02,1.250140920678465495e+00,2.839257239997906163e-02,1.562046183387313381e+00,7.098943320107962973e-02,5.612408551818518276e+00,-4.443524428804628457e+01
1.442006269592406964e+00,3.047396739968646559e-02,1.246412715469813248e+00,2.811976748633345305e-02,1.552753935961348253e+00,7.009767150204128383e-02,5.623404692074082334e+00,-4.434325720729462006e+01
1.462904911180702650e+00,3.013518207366576440e-02,1.242545017208255720e+00,2.766120238501479714e-02,1.543152977671679693e+00,6.874057838697851530e-02,5.594456204080140438e+00,-4.420453852735604983e+01
1.483803552768998557e+00,2.980720322119798787e-02,1.238796402288529608e+00,2.688980787798462765e-02,1.533893464555289521e+00,6.662199451495423586e-02,5.499492769869578801e+00,-4.407168037491547352e+01
1.504702194357294243e+00,2.953685756748689398e-02,1.235419232185145821e+00,2.595158873966692259e-02,1.525587194294822480e+00,6.412218366948797821e-02,5.367690376110378025e+00,-4.399708748480463782e+01
1.525600835945590150e+00,2.935059161976079703e-02,1.232428388801687591e+00,2.514427302120271143e-02,1.518247499058558825e+00,6.197703177422119597e-02,5.260176170024659648e+00,-4.398521624355354476e+01
1.546499477533885614e+00,2.928621614387079061e-02,1.229578689546510617e+00,2.463580362531013132e-02,1.511256830966649423e+00,6.058331827506801409e-02,5.212324349817898828e+00,-4.398630687343624857e+01
1.567398119122181299e+00,2.940399915089987951e-02,1.226617703883905897e+00,2.430262987122782520e-02,1.504000373662767620e+00,5.962007210197179524e-02,5.198767755605679497e+00,-4.394796582818211306e+01
1.588296760710477207e+00,2.973908058412633171e-02,1.223540215898375916e+00,2.389024583619093339e-02,1.496479916074530792e+00,5.846135309655665913e-02,5.165699177055688374e+00,-4.386942412460067686e+01
1.609195402298772892e+00,3.024161908771024268e-02,1.220550620399392550e+00,2.329397827812780888e-02,1.489201207533320082e+00,5.686295927787773929e-02,5.090574985796370022e+00,-4.379503743237899727e+01
1.630094043887068800e+00,3.078538117695417409e-02,1.217820088019727409e+00,2.264087486746554218e-02,1.482573157569612388e+00,5.514502444788103863e-02,5.000893347982708015e+00,-4.376273141171157022e+01
1.650992685475364485e+00,3.125536355375538311e-02,1.215316817645575531e+00,2.213405941953056066e-02,1.476505050665781749e+00,5.379978931064391401e-02,4.941449057940574541e+00,-4.376644339851544174e+01
1.671891327063660171e+00,3.163687121370492572e-02,1.212849507955579886e+00,2.184536636245901220e-02,1.470526708916582104e+00,5.299028368763557956e-02,4.928705714625778889e+00,-4.376439448393328746e+01
1.692789968651956078e+00,3.202236110380247275e-02,1.210257932507661227e+00,2.164925414936846870e-02,1.464255572992494647e+00,5.240236313429517956e-02,4.934947621990413147e+00,-4.372087056577212394e+01
1.713688610240251764e+00,3.252186831792997640e-02,1.207561930389768667e+00,2.134971051464673933e-02,1.457750005587605369e+00,5.156219528465911389e-02,4.915773998448780269e+00,-4.364041450979138403e+01
1.734587251828547672e+00,3.314941444955942645e-02,1.204927670995224354e+00,2.086584393804928259e-02,1.451415308886728539e+00,5.028366547924708468e-02,4.852345064202565617e+00,-4.356132006498249609e+01
1.755485893416843135e+00,3.378911680609332502e-02,1.202500448491255147e+00,2.029267135226284907e-02,1.445595536111058843e+00,4.880389280436344540e-02,4.766289384629675219e+00,-4.351778416771339408e+01
1.776384535005139043e+00,3.427298913173177503e-02,1.200276454130583481e+00,1.979781140663789546e-02,1.440271613003793805e+00,4.752569374941070790e-02,4.696713264260926834e+00,-4.350971782917133623e+01
1.797283176593434728e+00,3.449896339333837630e-02,1.198118430130665990e+00,1.947069611266566067e-02,1.435108664611659757e+00,4.665639972011648151e-02,4.665050298200489998e+00,-4.350536727592946562e+01
1.818181818181730414e+00,3.449417129273981558e-02,1.195878705479240134e+00,1.925430865646180281e-02,1.429755149816864801e+00,4.605163542197453913e-02,4.658123157275281478e+00,-4.346973559086716676e+01
1.839080459770026321e+00,3.438325623237387801e-02,1.193519861247898550e+00,1.900081416431564918e-02,1.424128628254296203e+00,4.535569816998223647e-02,4.640461619093641410e+00,-4.339372339935622591e+01
1.859979101358322007e+00,3.429162200581883924e-02,1.191140820876213979e+00,1.859738407731705012e-02,1.418470592463141555e+00,4.430420667201132728e-02,4.584390747113443076e+00,-4.330136698371476456e+01
1.880877742946617914e+00,3.425949988529545381e-02,1.188891389511006924e+00,1.806035681952433344e-02,1.413136559564964312e+00,4.294360542845775119e-02,4.493530249257158715e+00,-4.322975700240058217e+01
1.901776384534913600e+00,3.423262037480783587e-02,1.186846231907134008e+00,1.752018927683439073e-02,1.408297021159866436e+00,4.158754125102134130e-02,4.399985986599932453e+00,-4.319806166539813574e+01
1.922675026123209285e+00,3.412640627913314517e-02,1.184946252526834165e+00,1.711055605881156572e-02,1.403804850248746128e+00,4.055017856107816232e-02,4.337377823421109113e+00,-4.319226855735515613e+01
1.943573667711505193e+00,3.389906358371089223e-02,1.183056181348983937e+00,1.686105639204609971e-02,1.399337633005384163e+00,3.989515397736786984e-02,4.313698133192116480e+00,-4.317872799753851609e+01
1.964472309299800656e+00,3.357470537303626490e-02,1.181080269997243581e+00,1.668633868004569878e-02,1.394672170278216550e+00,3.941581078698764423e-02,4.307695280434450602e+00,-4.313313391963914967e+01
1.985370950888096564e+00,3.320997236091322719e-02,1.179031710809887779e+00,1.647046688656221211e-02,1.389844498815829610e+00,3.883840550220209881e-02,4.289746745373768988e+00,-4.305877515755000928e+01
2.006269592476392472e+00,3.284287955138459614e-02,1.177005297304935194e+00,1.616502152462307232e-02,1.385080161962987333e+00,3.805263193105930947e-02,4.247198801064547169e+00,-4.298025968784578055e+01
2.027168234064688157e+00,3.246942573085140338e-02,1.175087456780067097e+00,1.582167457471215025e-02,1.380580205695497886e+00,3.718370267600069889e-02,4.193445705111539468e+00,-4.292048166720936564e+01
2.048066875652983843e+00,3.206152395630989388e-02,1.173280619642348643e+00,1.553963733505795558e-02,1.376345932099828362e+00,3.646471064298834747e-02,4.154755808912653947e+00,-4.288051159547792679e+01
2.068965517241279528e+00,3.160069861836421051e-02,1.171503374523216401e+00,1.537522142326541025e-02,1.372183759085469079e+00,3.602424756279415385e-02,4.146453213850545438e+00,-4.283899452203358749e+01
2.089864158829575214e+00,3.109339485654221552e-02,1.169664120055404988e+00,1.529275043755998729e-02,1.367880285529039286e+00,3.577476296755102703e-02,4.159330409441967191e+00,-4.277137098079487032e+01
2.110762800417870899e+00,3.055865887283446339e-02,1.167738883476724610e+00,1.519817578728384876e-02,1.363383115436206161e+00,3.549500164945166431e-02,4.168072176367578763e+00,-4.267099541985277966e+01
2.131661442006166585e+00,3.000786905273408398e-02,1.165784926865414572e+00,1.501738478805620704e-02,1.358828973860727540e+00,3.501408165370779174e-02,4.152308078387774160e+00,-4.255340641680702873e+01
2.152560083594462714e+00,2.944117195797222100e-02,1.163888602721304011e+00,1.474811520838947496e-02,1.354419172642349567e+00,3.433032640533047880e-02,4.111135714153425269e+00,-4.244251281585347613e+01
2.173458725182758400e+00,2.886386151184802337e-02,1.162098051073149785e+00,1.445027691821674544e-02,1.350263069804999994e+00,3.358527728825400072e-02,4.060962077421242711e+00,-4.235204108607200624e+01
2.194357366771054085e+00,2.830162035359456291e-02,1.160392363953287820e+00,1.418981579075657626e-02,1.346309087448924080e+00,3.293150777899542941e-02,4.020199182063043608e+00,-4.227657960414327221e+01
2.215256008359350215e+00,2.779190926871563661e-02,1.158709291504292693e+00,1.398256256205374429e-02,1.342411710162578098e+00,3.240345031938348525e-02,3.993408867331728285e+00,-4.219889999872943775e+01
2.236154649947645456e+00,2.735234555942543666e-02,1.157007257885910079e+00,1.378710629686364861e-02,1.338475710500631743e+00,3.190356410143154603e-02,3.968895250795049900e+00,-4.210735313598266316e+01
2.257053291535941142e+00,2.695362113610715385e-02,1.155302621370069671e+00,1.355259401396404460e-02,1.334540474140047284e+00,3.131469478139395357e-02,3.932046045296458292e+00,-4.200674978686218708e+01
2.277951933124237271e+00,2.652615328734337849e-02,1.153648755465827236e+00,1.327108216109973600e-02,1.330729329366125313e+00,3.062033483767490419e-02,3.880458915938610254e+00,-4.191272178128242842e+01
2.298850574712532513e+00,2.600068370608767457e-02,1.152084523698409413e+00,1.298562833580252547e-02,1.327130123202115319e+00,2.992108287235524175e-02,3.826631555491581071e+00,-4.183693676921148352e+01
2.319749216300828643e+00,2.535223848855062620e-02,1.150600356675478775e+00,1.275386632930505283e-02,1.323718519675393113e+00,2.934920629497954694e-02,3.787616467075537230e+00,-4.177699333659918324e+01
2.340647857889124328e+00,2.461383359744047719e-02,1.149146439339979731e+00,1.259986537174965018e-02,1.320378782440367438e+00,2.895818085621843993e-02,3.770821330898421753e+00,-4.171847509316105374e+01
2.361546499477420014e+00,2.384971928941180888e-02,1.147676223155891906e+00,1.249181797938161628e-02,1.317004667680942598e+00,2.867312495785511589e-02,3.767039093100196023e+00,-4.164767452464924702e+01
2.382445141065715699e+00,2.310796999834626927e-02,1.146190718969372524e+00,1.236667983917677342e-02,1.313600229481282300e+00,2.834914731226013951e-02,3.757435276069536201e+00,-4.156500905855743611e+01
2.403343782654011829e+00,2.238863986597650763e-02,1.144742615100149630e+00,1.218401143836205999e-02,1.310287204691599205e+00,2.789511423272144144e-02,3.729689182273343562e+00,-4.148664963625024882e+01
2.424242424242307514e+00,2.165169044984957200e-02,1.143393873587963405e+00,1.196225602091707460e-02,1.307206454589377564e+00,2.735514049721462365e-02,3.689296800660166298e+00,-4.143191259332580501e+01
2.445141065830603200e+00,2.085521540475786251e-02,1.142162077626599270e+00,1.176789838985085705e-02,1.304395728135795851e+00,2.688169454850153350e-02,3.656698554295498393e+00,-4.140674305332945693e+01
2.466039707418898885e+00,1.999041584866191601e-02,1.140996019616243196e+00,1.166674755972367875e-02,1.301735803781488121e+00,2.662342505502447026e-02,3.652519889835698308e+00,-4.139572660203069177e+01
2.486938349007194571e+00,1.908565006408197151e-02,1.139800252923771406e+00,1.167045163400481922e-02,1.299008417123751702e+00,2.660396744834666802e-02,3.680781398744569444e+00,-4.136919134163049705e+01
2.507836990595490256e+00,1.817754621874835552e-02,1.138498284894788215e+00,1.171907029010046605e-02,1.296041008099910075e+00,2.668428285168169753e-02,3.722917718945767618e+00,-4.130282686312717289e+01
2.528735632183785942e+00,1.727282187042573913e-02,1.137088672930290034e+00,1.172078527084441726e-02,1.292833273299002883e+00,2.665514433865073807e-02,3.749842830400150540e+00,-4.119575330119775458e+01
2.549634273772082071e+00,1.633364717621216614e-02,1.135646661958574777e+00,1.161825831916350575e-02,1.289558356891282509e+00,2.638847255586095411e-02,3.743007865098751719e+00,-4.107169162424379749e+01
2.570532915360377313e+00,1.530177574578528432e-02,1.134275325289098246e+00,1.142659140476983033e-02,1.286449946568558156e+00,2.592180136518182701e-02,3.706951859994608522e+00,-4.096382605778156005e+01
2.591431556948673443e+00,1.414471715088761426e-02,1.133048845190435472e+00,1.122388952782464241e-02,1.283673709891246517e+00,2.543443013609346728e-02,3.666826430736016107e+00,-4.089662129516567290e+01
2.612330198536969128e+00,1.289113991656528138e-02,1.131975141348799507e+00,1.111216427799252039e-02,1.281244240436693493e+00,2.515738745854332811e-02,3.656134869899189788e+00,-4.087335682663314174e+01
2.633228840125265258e+00,1.163230133229931594e-02,1.130984147576043375e+00,1.116230165028578303e-02,1.279000545090177576e+00,2.524877243387025835e-02,3.698771218176061915e+00,-4.087165777020699409e+01
2.654127481713560499e+00,1.048558517849818884e-02,1.129959759307087586e+00,1.135377348604927304e-02,1.276680149480958759e+00,2.565861431104685814e-02,3.788642056927091772e+00,-4.085341624193372212e+01
2.675026123301856185e+00,9.535054419855758939e-03,1.128828921180513811e+00,1.155907420262402598e-02,1.274121121097140819e+00,2.609643452398717478e-02,3.883629586976371062e+00,-4.079426617952155709e+01
2.695924764890152314e+00,8.784187929650910664e-03,1.127639943914035880e+00,1.162942445067085932e-02,1.271436599597396189e+00,2.622760707061401117e-02,3.933643838353190869e+00,-4.071034405217064034e+01
2.716823406478447556e+00,8.160079836178049315e-03,1.126526092030524895e+00,1.151707659305648175e-02,1.268928392972316299e+00,2.594857457198430223e-02,3.921963201150169276e+00,-4.064682852061652341e+01
2.737722048066743685e+00,7.568156966370167410e-03,1.125590510799982624e+00,1.130229896245561576e-02,1.266826256041128973e+00,2.544352092472906141e-02,3.875209281636602832e+00,-4.063932767221517395e+01
2.758620689655039371e+00,6.949730924255684457e-03,1.124833991894958807e+00,1.112220989870879237e-02,1.265127805769317382e+00,2.502127951811647377e-02,3.839990076746695014e+00,-4.068889212826484680e+01
2.779519331243335500e+00,6.302658235996653688e-03,1.124158288244800019e+00,1.108106977492887002e-02,1.263609066922122048e+00,2.491375286021045923e-02,3.852453889681553889e+00,-4.076229626735068479e+01
2.800417972831630742e+00,5.663358664883981486e-03,1.123423242449394177e+00,1.118296906509055368e-02,1.261954722878399604e+00,2.512641473463059910e-02,3.914551207907732255e+00,-4.081104239067835238e+01
2.821316614419926871e+00,5.070552790699171808e-03,1.122539773753812531e+00,1.131880876759767084e-02,1.259967428227343200e+00,2.541162606628351653e-02,3.988530164353186969e+00,-4.080368279186341596e+01
2.842215256008222557e+00,4.536242995685823079e-03,1.121540029936687333e+00,1.133585343792966639e-02,1.257723537177219297e+00,2.542722680826707549e-02,4.020541614511070172e+00,-4.075112925500425831e+01
2.863113897596517798e+00,4.042757100804087421e-03,1.120553278628713789e+00,1.113803112590852976e-02,1.255515594508198163e+00,2.496151459121093499e-02,3.975924757762903994e+00,-4.069908396333286049e+01
2.884012539184813928e+00,3.563620036105776771e-03,1.119713879909183918e+00,1.072497973419401715e-02,1.253644147670979425e+00,2.401781734024350037e-02,3.853534756017408913e+00,-4.069589358866453210e+01
2.904911180773109614e+00,3.087310996109118594e-03,1.119088796724355905e+00,1.016394868515801270e-02,1.252256429101092250e+00,2.274872220808316081e-02,3.676363655495728189e+00,-4.076652566810403755e+01
2.925809822361405299e+00,2.626826537959006409e-03,1.118651197422373400e+00,9.548066431947735411e-03,1.251289335921921042e+00,2.136191189433340673e-02,3.477081029359079700e+00,-4.090239614957545200e+01
2.946708463949700985e+00,2.212804880441337531e-03,1.118279540063453981e+00,8.951041019878513624e-03,1.250469008589190523e+00,2.001953206959770915e-02,3.281857283569388439e+00,-4.106007759268054969e+01
2.967607105537997114e+00,1.874654319885069075e-03,1.117807092410915804e+00,8.358629600243305813e-03,1.249422829155351522e+00,1.868667089997556874e-02,3.085083605063200451e+00,-4.117856439354645204e+01
2.988505747126292800e+00,1.617315628534486205e-03,1.117170719705750770e+00,7.651677231778242390e-03,1.248011868803405866e+00,1.709645951996361171e-02,2.842424095911932902e+00,-4.123397076077481671e+01
3.009404388714588485e+00,1.411761197685601271e-03,1.116528175487467189e+00,6.755948072962034319e-03,1.246589523823007806e+00,1.508641275118473984e-02,2.525777754293683230e+00,-4.128419021712861081e+01
3.030303030302884171e+00,1.214127908486654786e-03,1.116169118881980893e+00,5.799691031441938510e-03,1.245799865529717332e+00,1.294687205670455067e-02,2.182626957363834386e+00,-4.143776274855091657e+01
3.051201671891180300e+00,9.960868270512521130e-04,1.116373239713870369e+00,5.121570452734122529e-03,1.246262979865340403e+00,1.143516839748325194e-02,1.941073929574012258e+00,-4.180215222200205005e+01
3.072100313479475542e+00,7.593339906664250353e-04,1.117260256125896634e+00,5.309089506492946017e-03,1.248242293487116239e+00,1.186326940363923756e-02,2.027535112647745219e+00,-4.242675011114000938e+01
3.092998955067771227e+00,5.317582231738385810e-04,nan,nan,nan,nan,nan,nan
3.113897596656067357e+00,3.563535663082458569e-04,nan,nan,nan,nan,nan,nan
3.134796238244362598e+00,2.701336851605278520e-04,nan,nan,nan,nan,nan,nan
3.155694879832658728e+00,2.530870609953488385e-04,nan,nan,nan,nan,nan,nan
3.176593521420954414e+00,2.441090803275607958e-04,nan,nan,nan,nan,nan,nan
3.197492163009250543e+00,2.162802251603789037e-04,nan,nan,nan,nan,nan,nan
3.218390804597545785e+00,1.781889290199335145e-04,nan,nan,nan,nan,nan,nan
3.239289446185841914e+00,1.632541309900496643e-04,nan,nan,nan,nan,nan,nan
3.260188087774137600e+00,1.966026333374031780e-04,nan,nan,nan,nan,nan,nan
3.281086729362432841e+00,2.466309071688757332e-04,nan,nan,nan,nan,nan,nan
3.301985370950728971e+00,2.703303939160286431e-04,nan,nan,nan,nan,nan,nan
3.322884012539024656e+00,2.453261323277945304e-04,nan,nan,nan,nan,nan,nan
3.343782654127320342e+00,1.780194820041841694e-04,nan,nan,nan,nan,nan,nan
3.364681295715616027e+00,1.290097651985182617e-04,nan,nan,nan,nan,nan,nan
3.385579937303912157e+00,1.817844489118354589e-04,nan,nan,nan,nan,nan,nan
3.406478578892207842e+00,2.589307488535332090e-04,nan,nan,nan,nan,nan,nan
3.427377220480503528e+00,2.967299039469752401e-04,nan,nan,nan,nan,nan,nan
3.448275862068799213e+00,2.844609770011089184e-04,nan,nan,nan,nan,nan,nan
3.469174503657095343e+00,2.387980643510037733e-04,nan,nan,nan,nan,nan,nan
3.490073145245390585e+00,1.913356448530219973e-04,nan,nan,nan,nan,nan,nan
3.510971786833686270e+00,1.698878842816133419e-04,nan,nan,nan,nan,nan,nan
3.531870428421982400e+00,1.729684076627208426e-04,nan,nan,nan,nan,nan,nan
3.552769070010278085e+00,1.795403425827941696e-04,nan,nan,nan,nan,nan,nan
3.573667711598573771e+00,1.773227119669784223e-04,nan,nan,nan,nan,nan,nan
3.594566353186869456e+00,1.670564416769202516e-04,nan,nan,nan,nan,nan,nan
3.615464994775165586e+00,1.590874997213855859e-04,nan,nan,nan,nan,nan,nan
3.636363636363460827e+00,1.622422935631744707e-04,nan,nan,nan,nan,nan,nan
3.657262277951756957e+00,1.695775701506448152e-04,nan,nan,nan,nan,nan,nan
3.678160919540052642e+00,1.686599927454459746e-04,nan,nan,nan,nan,nan,nan
3.699059561128347884e+00,1.622410563114073132e-04,nan,nan,nan,nan,nan,nan
3.719958202716644013e+00,1.690412462861611801e-04,nan,nan,nan,nan,nan,nan
3.740856844304939699e+00,1.946774053255299821e-04,nan,nan,nan,nan,nan,nan
3.761755485893235829e+00,2.192111214308999480e-04,nan,nan,nan,nan,nan,nan
3.782654127481531070e+00,2.234317709338597016e-04,nan,nan,nan,nan,nan,nan
3.803552769069827200e+00,2.029241774922389482e-04,nan,nan,nan,nan,nan,nan
3.824451410658122885e+00,1.688162484078261738e-04,nan,nan,nan,nan,nan,nan
3.845350052246418571e+00,1.498177259064513282e-04,nan,nan,nan,nan,nan,nan
3.866248693834714256e+00,1.757749235191168535e-04,nan,nan,nan,nan,nan,nan
3.887147335423010386e+00,2.312815014045107762e-04,nan,nan,nan,nan,nan,nan
3.908045977011305627e+00,2.824833318248667772e-04,nan,nan,nan,nan,nan,nan
3.928944618599601313e+00,3.101210146415422182e-04,nan,nan,nan,nan,nan,nan
3.949843260187897442e+00,3.127338372061880451e-04,nan,nan,nan,nan,nan,nan
3.970741901776193128e+00,3.027543373802115724e-04,nan,nan,nan,nan,nan,nan
3.991640543364488813e+00,2.916547058592265066e-04,nan,nan,nan,nan,nan,nan
4.012539184952784943e+00,2.740605457688303180e-04,nan,nan,nan,nan,nan,nan
4.033437826541080184e+00,2.340480058275217531e-04,nan,nan,nan,nan,nan,nan
4.054336468129376314e+00,1.644879707315556030e-04,nan,nan,nan,nan,nan,nan
4.075235109717671556e+00,7.564095452257800392e-05,nan,nan,nan,nan,nan,nan
4.096133751305967685e+00,2.389467263720729422e-05,nan,nan,nan,nan,nan,nan
4.117032392894263815e+00,8.473869324120000075e-05,nan,nan,nan,nan,nan,nan
4.137931034482559056e+00,1.177796101500553836e-04,nan,nan,nan,nan,nan,nan
4.158829676070855186e+00,1.205719619264673754e-04,nan,nan,nan,nan,nan,nan
4.179728317659150427e+00,1.053190174801861616e-04,nan,nan,nan,nan,nan,nan
4.200626959247446557e+00,8.302064180618396491e-05,nan,nan,nan,nan,nan,nan
4.221525600835741798e+00,5.851157606863765300e-05,nan,nan,nan,nan,nan,nan
4.242424242424037928e+00,5.369704521548184867e-05,nan,nan,nan,nan,nan,nan
4.263322884012333169e+00,9.012745019375289525e-05,nan,nan,nan,nan,nan,nan
4.284221525600629299e+00,1.312349760356360591e-04,nan,nan,nan,nan,nan,nan
4.305120167188925429e+00,1.483903768173566761e-04,nan,nan,nan,nan,nan,nan
4.326018808777220670e+00,1.288581982365580878e-04,nan,nan,nan,nan,nan,nan
4.346917450365516800e+00,7.643326092881557354e-05,nan,nan,nan,nan,nan,nan
4.367816091953812041e+00,2.078975479034326105e-05,nan,nan,nan,nan,nan,nan
4.388714733542108171e+00,5.645170582425638100e-05,nan,nan,nan,nan,nan,nan
4.409613375130404300e+00,7.767967422660819129e-05,nan,nan,nan,nan,nan,nan
4.430512016718700430e+00,5.978721609319757782e-05,nan,nan,nan,nan,nan,nan
4.451410658306994783e+00,5.811443188472242897e-05,nan,nan,nan,nan,nan,nan
4.472309299895290913e+00,1.240623796743449208e-04,nan,nan,nan,nan,nan,nan
4.493207941483587042e+00,1.854041186009418817e-04,nan,nan,nan,nan,nan,nan
4.514106583071882284e+00,2.082950637344109751e-04,nan,nan,nan,nan,nan,nan
4.535005224660178413e+00,1.922540214798829149e-04,nan,nan,nan,nan,nan,nan
4.555903866248474543e+00,1.749542565797056214e-04,nan,nan,nan,nan,nan,nan
4.576802507836769784e+00,1.996868057192209686e-04,nan,nan,nan,nan,nan,nan
4.597701149425065026e+00,2.387019787668214876e-04,nan,nan,nan,nan,nan,nan
4.618599791013361155e+00,2.433453858334557699e-04,nan,nan,nan,nan,nan,nan
4.639498432601657285e+00,1.968996432592702583e-04,nan,nan,nan,nan,nan,nan
4.660397074189953415e+00,1.131406124765766758e-04,nan,nan,nan,nan,nan,nan
4.681295715778248656e+00,3.220406456710320887e-05,nan,nan,nan,nan,nan,nan
4.702194357366544786e+00,5.683528137791563073e-05,nan,nan,nan,nan,nan,nan
4.723092998954840027e+00,7.574938254056923150e-05,nan,nan,nan,nan,nan,nan
4.743991640543135269e+00,5.556546574699779319e-05,nan,nan,nan,nan,nan,nan
4.764890282131431398e+00,4.757384253881109847e-05,nan,nan,nan,nan,nan,nan
4.785788923719727528e+00,8.707606330011457131e-05,nan,nan,nan,nan,nan,nan
4.806687565308023657e+00,1.136105251337592631e-04,nan,nan,nan,nan,nan,nan
4.827586206896318899e+00,1.131266083210569667e-04,nan,nan,nan,nan,nan,nan
4.848484848484615028e+00,1.112197119266521318e-04,nan,nan,nan,nan,nan,nan
4.869383490072910270e+00,1.355746248086978491e-04,nan,nan,nan,nan,nan,nan
4.890282131661206400e+00,1.609520522694863330e-04,nan,nan,nan,nan,nan,nan
4.911180773249501641e+00,1.541128896501112069e-04,nan,nan,nan,nan,nan,nan
4.932079414837797771e+00,1.092885326918931199e-04,nan,nan,nan,nan,nan,nan
4.952978056426093900e+00,6.026861086979388294e-05,nan,nan,nan,nan,nan,nan
4.973876698014389142e+00,8.225982113489399366e-05,nan,nan,nan,nan,nan,nan
4.994775339602685271e+00,1.142232665420841743e-04,nan,nan,nan,nan,nan,nan
5.015673981190980513e+00,1.055357721069193869e-04,nan,nan,nan,nan,nan,nan
5.036572622779276642e+00,5.998429403458169679e-05,nan,nan,nan,nan,nan,nan
5.057471264367571884e+00,4.278562647262985311e-05,nan,nan,nan,nan,nan,nan
5.078369905955868013e+00,9.124900107552820949e-05,nan,nan,nan,nan,nan,nan
5.099268547544164143e+00,1.182037074364622546e-04,nan,nan,nan,nan,nan,nan
5.120167189132460273e+00,1.109190260361666577e-04,nan,nan,nan,nan,nan,nan
5.141065830720754626e+00,8.361486465368465936e-05,nan,nan,nan,nan,nan,nan
5.161964472309050755e+00,5.993009499392416188e-05,nan,nan,nan,nan,nan,nan
5.182863113897346885e+00,4.682086058646193116e-05,nan,nan,nan,nan,nan,nan
5.203761755485642126e+00,3.523629336504928677e-05,nan,nan,nan,nan,nan,nan
5.224660397073938256e+00,3.837965096456884268e-05,nan,nan,nan,nan,nan,nan
5.245559038662234386e+00,4.936853258586866870e-05,nan,nan,nan,nan,nan,nan
5.266457680250530515e+00,3.989514690231293583e-05,nan,nan,nan,nan,nan,nan
5.287356321838824869e+00,2.467548379899591105e-05,nan,nan,nan,nan,nan,nan
5.308254963427120998e+00,7.688461287047460295e-05,nan,nan,nan,nan,nan,nan
5.329153605015417128e+00,1.340233959813795636e-04,nan,nan,nan,nan,nan,nan
5.350052246603712369e+00,1.624388969614925940e-04,nan,nan,nan,nan,nan,nan
5.370950888192008499e+00,1.493481366655470370e-04,nan,nan,nan,nan,nan,nan
5.391849529780304628e+00,1.038667600614318949e-04,nan,nan,nan,nan,nan,nan
5.412748171368600758e+00,6.479848042160189965e-05,nan,nan,nan,nan,nan,nan
5.433646812956895111e+00,8.203451345878163084e-05,nan,nan,nan,nan,nan,nan
5.454545454545191241e+00,1.114260542115552211e-04,nan,nan,nan,nan,nan,nan
5.475444096133487371e+00,1.262765267870444958e-04,nan,nan,nan,nan,nan,nan
5.496342737721783500e+00,1.370714821717395769e-04,nan,nan,nan,nan,nan,nan
5.517241379310078742e+00,1.604262952572008214e-04,nan,nan,nan,nan,nan,nan
5.538140020898374871e+00,1.999505899532637938e-04,nan,nan,nan,nan,nan,nan
5.559038662486671001e+00,2.434954253131244668e-04,nan,nan,nan,nan,nan,nan
5.579937304074965354e+00,2.706635147097614458e-04,nan,nan,nan,nan,nan,nan
5.600835945663261484e+00,2.630200815127298739e-04,nan,nan,nan,nan,nan,nan
5.621734587251557613e+00,2.163763034269640590e-04,nan,nan,nan,nan,nan,nan
5.642633228839853743e+00,1.513918698071515579e-04,nan,nan,nan,nan,nan,nan
5.663531870428148984e+00,1.195919437196958282e-04,nan,nan,nan,nan,nan,nan
5.684430512016445114e+00,1.457139738835606880e-04,nan,nan,nan,nan,nan,nan
5.705329153604740355e+00,1.851403530698026486e-04,nan,nan,nan,nan,nan,nan
5.726227795193035597e+00,2.225876431538186700e-04,nan,nan,nan,nan,nan,nan
5.747126436781331726e+00,2.555124946418913597e-04,nan,nan,nan,nan,nan,nan
5.768025078369627856e+00,2.667328773567947389e-04,nan,nan,nan,nan,nan,nan
5.788923719957923986e+00,2.436348360660328986e-04,nan,nan,nan,nan,nan,nan
5.809822361546219227e+00,2.129194222545191637e-04,nan,nan,nan,nan,nan,nan
5.830721003134515357e+00,2.390065554580362781e-04,nan,nan,nan,nan,nan,nan
5.851619644722810598e+00,3.140173701140444866e-04,nan,nan,nan,nan,nan,nan
5.872518286311106728e+00,3.732587058687046968e-04,nan,nan,nan,nan,nan,nan
5.893416927899401969e+00,3.858334189580358837e-04,nan,nan,nan,nan,nan,nan
5.914315569487698099e+00,3.585752593432494869e-04,nan,nan,nan,nan,nan,nan
5.935214211075994228e+00,3.191470018340017943e-04,nan,nan,nan,nan,nan,nan
5.956112852664290358e+00,2.936730652434893681e-04,nan,nan,nan,nan,nan,nan
5.977011494252585599e+00,2.892717071127806172e-04,nan,nan,nan,nan,nan,nan
5.997910135840880841e+00,2.928572685534642345e-04,nan,nan,nan,nan,nan,nan
6.018808777429176970e+00,2.806802549890456146e-04,nan,nan,nan,nan,nan,nan
6.039707419017472212e+00,2.354232618154170422e-04,nan,nan,nan,nan,nan,nan
6.060606060605768342e+00,1.785733609980944133e-04,nan,nan,nan,nan,nan,nan
6.081504702194064471e+00,1.985404018742209194e-04,nan,nan,nan,nan,nan,nan
6.102403343782360601e+00,2.904432742062371272e-04,nan,nan,nan,nan,nan,nan
6.123301985370655842e+00,3.589968351724372739e-04,nan,nan,nan,nan,nan,nan
6.144200626958951084e+00,3.599321065990265713e-04,nan,nan,nan,nan,nan,nan
6.165099268547247213e+00,2.946914984274248499e-04,nan,nan,nan,nan,nan,nan
6.185997910135542455e+00,1.972774654648893581e-04,nan,nan,nan,nan,nan,nan
6.206896551723838584e+00,1.240454600566935693e-04,nan,nan,nan,nan,nan,nan
6.227795193312134714e+00,1.362918076399784954e-04,nan,nan,nan,nan,nan,nan
6.248693834900430844e+00,2.061154071470433621e-04,nan,nan,nan,nan,nan,nan
6.269592476488725197e+00,2.838223985676645842e-04,nan,nan,nan,nan,nan,nan
6.290491118077021326e+00,3.343224111614431240e-04,nan,nan,nan,nan,nan,nan
6.311389759665317456e+00,3.288456061455900196e-04,nan,nan,nan,nan,nan,nan
6.332288401253613586e+00,2.632584654277357866e-04,nan,nan,nan,nan,nan,nan
6.353187042841908827e+00,1.716922449881945890e-04,nan,nan,nan,nan,nan,nan
6.374085684430204957e+00,1.275184153900007383e-04,nan,nan,nan,nan,nan,nan
6.394984326018501086e+00,1.396613968294375724e-04,nan,nan,nan,nan,nan,nan
6.415882967606795440e+00,1.233459477402926228e-04,nan,nan,nan,nan,nan,nan
6.436781609195091569e+00,5.816551842001338246e-05,nan,nan,nan,nan,nan,nan
6.457680250783387699e+00,4.299980574791488806e-05,nan,nan,nan,nan,nan,nan
6.478578892371683828e+00,1.146545855929664013e-04,nan,nan,nan,nan,nan,nan
6.499477533959979070e+00,1.424648918232040138e-04,nan,nan,nan,nan,nan,nan
6.520376175548275199e+00,1.173046536334197422e-04,nan,nan,nan,nan,nan,nan
6.541274817136571329e+00,5.744701208320125479e-05,nan,nan,nan,nan,nan,nan
6.562173458724865682e+00,6.467799817778830501e-06,nan,nan,nan,nan,nan,nan
6.583072100313161812e+00,4.358705843912041964e-05,nan,nan,nan,nan,nan,nan
6.603970741901457941e+00,5.159788747224293214e-05,nan,nan,nan,nan,nan,nan
6.624869383489754071e+00,6.671301798420098460e-05,nan,nan,nan,nan,nan,nan
6.645768025078049313e+00,1.148077660498726113e-04,nan,nan,nan,nan,nan,nan
6.666666666666345442e+00,1.647912993322189117e-04,nan,nan,nan,nan,nan,nan
6.687565308254640684e+00,1.924369816908547311e-04,nan,nan,nan,nan,nan,nan
6.708463949842936813e+00,1.895146851957345442e-04,nan,nan,nan,nan,nan,nan
6.729362591431232055e+00,1.611565601744961176e-04,nan,nan,nan,nan,nan,nan
6.750261233019528184e+00,1.235365962260797290e-04,nan,nan,nan,nan,nan,nan
6.771159874607824314e+00,1.002962108834204707e-04,nan,nan,nan,nan,nan,nan
6.792058516196119555e+00,1.053507021326226316e-04,nan,nan,nan,nan,nan,nan
6.812957157784415685e+00,1.276584788692828535e-04,nan,nan,nan,nan,nan,nan
6.833855799372710926e+00,1.542159173331729102e-04,nan,nan,nan,nan,nan,nan
6.854754440961007056e+00,1.731262635525668780e-04,nan,nan,nan,nan,nan,nan
6.875653082549302297e+00,1.701663034713236965e-04,nan,nan,nan,nan,nan,nan
6.896551724137598427e+00,1.429075678438698044e-04,nan,nan,nan,nan,nan,nan
6.917450365725894557e+00,1.251945064441390342e-04,nan,nan,nan,nan,nan,nan
6.938349007314190686e+00,1.617152059947324946e-04,nan,nan,nan,nan,nan,nan
6.959247648902485928e+00,2.134017361774365011e-04,nan,nan,nan,nan,nan,nan
6.980146290490781169e+00,2.322325474442354194e-04,nan,nan,nan,nan,nan,nan
7.001044932079077299e+00,2.061803983591781989e-04,nan,nan,nan,nan,nan,nan
7.021943573667372540e+00,1.522592817532867650e-04,nan,nan,nan,nan,nan,nan
7.042842215255668670e+00,1.028306129367893395e-04,nan,nan,nan,nan,nan,nan
7.063740856843964799e+00,9.218316692693703015e-05,nan,nan,nan,nan,nan,nan
7.084639498432260929e+00,1.419119601534593340e-04,nan,nan,nan,nan,nan,nan
7.105538140020556170e+00,2.295655089223280960e-04,nan,nan,nan,nan,nan,nan
7.126436781608851412e+00,3.104462048725423000e-04,nan,nan,nan,nan,nan,nan
7.147335423197147541e+00,3.396695134735077618e-04,nan,nan,nan,nan,nan,nan
7.168234064785442783e+00,2.912404230705038788e-04,nan,nan,nan,nan,nan,nan
7.189132706373738912e+00,1.727119311828798889e-04,nan,nan,nan,nan,nan,nan
7.210031347962035042e+00,4.487409936060792799e-05,nan,nan,nan,nan,nan,nan
7.230929989550331172e+00,1.301244846857861517e-04,nan,nan,nan,nan,nan,nan
7.251828631138625525e+00,1.986695090086521812e-04,nan,nan,nan,nan,nan,nan
7.272727272726921655e+00,1.889782104965285385e-04,nan,nan,nan,nan,nan,nan
7.293625914315217784e+00,1.171626696855870148e-04,nan,nan,nan,nan,nan,nan
7.314524555903513914e+00,2.505346817467433382e-05,nan,nan,nan,nan,nan,nan
7.335423197491809155e+00,4.221706773827311294e-05,nan,nan,nan,nan,nan,nan
7.356321839080105285e+00,5.572687227000847586e-05,nan,nan,nan,nan,nan,nan
7.377220480668401414e+00,2.020024404470071420e-05,nan,nan,nan,nan,nan,nan
7.398119122256695768e+00,6.546726632481490520e-05,nan,nan,nan,nan,nan,nan
7.419017763844991897e+00,1.409029578455626725e-04,nan,nan,nan,nan,nan,nan
7.439916405433288027e+00,1.983766422711636074e-04,nan,nan,nan,nan,nan,nan
7.460815047021584157e+00,2.342170638800709350e-04,nan,nan,nan,nan,nan,nan
7.481713688609879398e+00,2.546089442152439414e-04,nan,nan,nan,nan,nan,nan
7.502612330198175528e+00,2.593388205985722910e-04,nan,nan,nan,nan,nan,nan
7.523510971786471657e+00,2.410511364421244647e-04,nan,nan,nan,nan,nan,nan
7.544409613374766010e+00,1.984886857259766262e-04,nan,nan,nan,nan,nan,nan
7.565308254963062140e+00,1.435310664351479020e-04,nan,nan,nan,nan,nan,nan
7.586206896551358270e+00,9.546709520248948641e-05,nan,nan,nan,nan,nan,nan
7.607105538139654399e+00,6.872263395912748694e-05,nan,nan,nan,nan,nan,nan
7.628004179727949641e+00,6.343555990291697673e-05,nan,nan,nan,nan,nan,nan
7.648902821316245770e+00,6.782418940449646075e-05,nan,nan,nan,nan,nan,nan
7.669801462904541900e+00,6.553363716191095778e-05,nan,nan,nan,nan,nan,nan
7.690700104492837141e+00,4.448898507092098386e-05,nan,nan,nan,nan,nan,nan
7.711598746081132383e+00,1.548973722477887775e-05,nan,nan,nan,nan,nan,nan
7.732497387669428512e+00,5.495243463340135029e-05,nan,nan,nan,nan,nan,nan
7.753396029257724642e+00,9.970295291840869292e-05,nan,nan,nan,nan,nan,nan
7.774294670846020772e+00,1.281649123884619028e-04,nan,nan,nan,nan,nan,nan
7.795193312434316013e+00,1.381604968465842929e-04,nan,nan,nan,nan,nan,nan
7.816091954022611255e+00,1.324591339851840046e-04,nan,nan,nan,nan,nan,nan
7.836990595610907384e+00,1.107760611328777970e-04,nan,nan,nan,nan,nan,nan
7.857889237199202626e+00,7.124401791733718070e-05,nan,nan,nan,nan,nan,nan
7.878787878787498755e+00,2.178315772585410391e-05,nan,nan,nan,nan,nan,nan
7.899686520375794885e+00,3.829285988914762369e-05,nan,nan,nan,nan,nan,nan
7.920585161964091014e+00,6.737694919628370652e-05,nan,nan,nan,nan,nan,nan
7.941483803552386256e+00,6.302679289589332707e-05,nan,nan,nan,nan,nan,nan
7.962382445140681497e+00,2.545754259813607620e-05,nan,nan,nan,nan,nan,nan
7.983281086728977627e+00,3.194442985642564610e-05,nan,nan,nan,nan,nan,nan
8.004179728317273756e+00,8.370122176968202213e-05,nan,nan,nan,nan,nan,nan
8.025078369905569886e+00,1.126077714302022438e-04,nan,nan,nan,nan,nan,nan
8.045977011493864239e+00,1.121059743438075249e-04,nan,nan,nan,nan,nan,nan
8.066875653082160369e+00,9.052572202180754067e-05,nan,nan,nan,nan,nan,nan
8.087774294670456499e+00,6.516059151466139588e-05,nan,nan,nan,nan,nan,nan
8.108672936258752628e+00,4.900042525655146108e-05,nan,nan,nan,nan,nan,nan
8.129571577847046981e+00,4.040336573261330851e-05,nan,nan,nan,nan,nan,nan
8.150470219435343111e+00,3.850604263960242726e-05,nan,nan,nan,nan,nan,nan
8.171368861023639241e+00,4.691986833022486481e-05,nan,nan,nan,nan,nan,nan
8.192267502611935370e+00,5.685195769535165337e-05,nan,nan,nan,nan,nan,nan
8.213166144200231500e+00,6.124563077060272899e-05,nan,nan,nan,nan,nan,nan
8.234064785788527630e+00,6.679128500386392474e-05,nan,nan,nan,nan,nan,nan
8.254963427376821983e+00,8.965732349937480217e-05,nan,nan,nan,nan,nan,nan
8.275862068965118112e+00,1.299535825598679474e-04,nan,nan,nan,nan,nan,nan
8.296760710553414242e+00,1.690654380352133617e-04,nan,nan,nan,nan,nan,nan
8.317659352141710372e+00,1.848271808137601344e-04,nan,nan,nan,nan,nan,nan
8.338557993730006501e+00,1.621425718129303054e-04,nan,nan,nan,nan,nan,nan
8.359456635318300854e+00,1.082028842707493890e-04,nan,nan,nan,nan,nan,nan
8.380355276906596984e+00,9.308913647998778211e-05,nan,nan,nan,nan,nan,nan
8.401253918494893114e+00,1.577856041031964974e-04,nan,nan,nan,nan,nan,nan
8.422152560083187467e+00,2.088646454761302392e-04,nan,nan,nan,nan,nan,nan
8.443051201671483597e+00,2.054803099575770655e-04,nan,nan,nan,nan,nan,nan
8.463949843259779726e+00,1.494033209181419878e-04,nan,nan,nan,nan,nan,nan
8.484848484848075856e+00,9.130486225956643311e-05,nan,nan,nan,nan,nan,nan
8.505747126436371985e+00,1.202825671711350202e-04,nan,nan,nan,nan,nan,nan
8.526645768024666339e+00,1.647557439016480627e-04,nan,nan,nan,nan,nan,nan
8.547544409612962468e+00,1.637373034843717828e-04,nan,nan,nan,nan,nan,nan
8.568443051201258598e+00,1.203055674011816432e-04,nan,nan,nan,nan,nan,nan
8.589341692789554727e+00,7.241803055376364463e-05,nan,nan,nan,nan,nan,nan
8.610240334377850857e+00,6.633684406274548877e-05,nan,nan,nan,nan,nan,nan
8.631138975966146987e+00,6.651351617544531416e-05,nan,nan,nan,nan,nan,nan
8.652037617554441340e+00,4.727820170891242790e-05,nan,nan,nan,nan,nan,nan
8.672936259142737470e+00,6.408766840720978714e-05,nan,nan,nan,nan,nan,nan
8.693834900731033599e+00,1.065950398277913658e-04,nan,nan,nan,nan,nan,nan
8.714733542319329729e+00,1.203153865587329425e-04,nan,nan,nan,nan,nan,nan
8.735632183907624082e+00,8.894033165575026590e-05,nan,nan,nan,nan,nan,nan
8.756530825495920212e+00,3.474360047810150329e-05,nan,nan,nan,nan,nan,nan
8.777429467084216341e+00,7.885572743611041538e-05,nan,nan,nan,nan,nan,nan
8.798328108672510695e+00,1.364274607148094017e-04,nan,nan,nan,nan,nan,nan
8.819226750260808601e+00,1.490784916503303632e-04,nan,nan,nan,nan,nan,nan
8.840125391849102954e+00,1.069376470913519064e-04,nan,nan,nan,nan,nan,nan
8.861024033437400860e+00,2.221120068028744908e-05,nan,nan,nan,nan,nan,nan
8.881922675025695213e+00,8.277936613898263232e-05,nan,nan,nan,nan,nan,nan
8.902821316613989566e+00,1.739029510121870806e-04,nan,nan,nan,nan,nan,nan
8.923719958202287472e+00,2.300965781683113234e-04,nan,nan,nan,nan,nan,nan
8.944618599790581825e+00,2.420930809889865686e-04,nan,nan,nan,nan,nan,nan
8.965517241378877955e+00,2.151615492488421631e-04,nan,nan,nan,nan,nan,nan
8.986415882967174085e+00,1.636173282682439295e-04,nan,nan,nan,nan,nan,nan
9.007314524555470214e+00,1.025308729464129864e-04,nan,nan,nan,nan,nan,nan
9.028213166143764568e+00,4.201613923890083752e-05,nan,nan,nan,nan,nan,nan
9.049111807732060697e+00,1.240269470780008300e-05,nan,nan,nan,nan,nan,nan
9.070010449320356827e+00,5.420684683669553012e-05,nan,nan,nan,nan,nan,nan
9.090909090908652956e+00,7.770389601098926543e-05,nan,nan,nan,nan,nan,nan
9.111807732496949086e+00,8.068792150826526539e-05,nan,nan,nan,nan,nan,nan
9.132706374085243439e+00,6.963746213127343181e-05,nan,nan,nan,nan,nan,nan
9.153605015673539569e+00,5.685039144855575933e-05,nan,nan,nan,nan,nan,nan
9.174503657261835698e+00,4.964098351620258097e-05,nan,nan,nan,nan,nan,nan
9.195402298850130052e+00,5.531133976082953024e-05,nan,nan,nan,nan,nan,nan
9.216300940438427958e+00,8.595786571833202705e-05,nan,nan,nan,nan,nan,nan
9.237199582026722311e+00,1.267243106400515659e-04,nan,nan,nan,nan,nan,nan
9.258098223615020217e+00,1.516978008735563098e-04,nan,nan,nan,nan,nan,nan
9.278996865203314570e+00,1.436130185104549507e-04,nan,nan,nan,nan,nan,nan
9.299895506791608923e+00,1.058385733123534954e-04,nan,nan,nan,nan,nan,nan
9.320794148379906829e+00,8.263222501772455046e-05,nan,nan,nan,nan,nan,nan
9.341692789968201183e+00,1.180849142705386472e-04,nan,nan,nan,nan,nan,nan
9.362591431556497312e+00,1.540903329108180638e-04,nan,nan,nan,nan,nan,nan
9.383490073144793442e+00,1.532141033864809225e-04,nan,nan,nan,nan,nan,nan
9.404388714733089571e+00,1.138548583179976609e-04,nan,nan,nan,nan,nan,nan
9.425287356321383925e+00,5.527376317839352571e-05,nan,nan,nan,nan,nan,nan
9.446185997909680054e+00,1.683961828311916656e-05,nan,nan,nan,nan,nan,nan
9.467084639497976184e+00,3.239893597370357509e-05,nan,nan,nan,nan,nan,nan
9.487983281086270537e+00,3.126133165165186529e-05,nan,nan,nan,nan,nan,nan
9.508881922674568443e+00,4.502865537947663702e-05,nan,nan,nan,nan,nan,nan
9.529780564262862796e+00,8.430484318850772849e-05,nan,nan,nan,nan,nan,nan
9.550679205851160702e+00,1.148389429311900251e-04,nan,nan,nan,nan,nan,nan
9.571577847439455056e+00,1.200289341529812027e-04,nan,nan,nan,nan,nan,nan
9.592476489027749409e+00,9.805868722670017714e-05,nan,nan,nan,nan,nan,nan
9.613375130616047315e+00,5.798848037478713656e-05,nan,nan,nan,nan,nan,nan
9.634273772204341668e+00,1.904745912137617708e-05,nan,nan,nan,nan,nan,nan
9.655172413792637798e+00,3.384397728207721155e-05,nan,nan,nan,nan,nan,nan
9.676071055380933927e+00,5.127110748083309617e-05,nan,nan,nan,nan,nan,nan
9.696969696969230057e+00,4.423739431808616877e-05,nan,nan,nan,nan,nan,nan
9.717868338557524410e+00,2.134266456674211799e-05,nan,nan,nan,nan,nan,nan
9.738766980145820540e+00,6.086311849830635155e-05,nan,nan,nan,nan,nan,nan
9.759665621734116669e+00,1.246888327518659958e-04,nan,nan,nan,nan,nan,nan
9.780564263322412799e+00,1.770786485261403973e-04,nan,nan,nan,nan,nan,nan
9.801462904910708929e+00,1.997381819662538910e-04,nan,nan,nan,nan,nan,nan
9.822361546499003282e+00,1.845406379428718056e-04,nan,nan,nan,nan,nan,nan
9.843260188087301188e+00,1.362691287090733261e-04,nan,nan,nan,nan,nan,nan
9.864158829675595541e+00,7.316100549189891394e-05,nan,nan,nan,nan,nan,nan
9.885057471263889894e+00,4.526925727605620912e-05,nan,nan,nan,nan,nan,nan
9.905956112852187800e+00,8.077162682301802712e-05,nan,nan,nan,nan,nan,nan
9.926854754440482154e+00,1.068674432707957797e-04,nan,nan,nan,nan,nan,nan
9.947753396028778283e+00,1.086945478081955747e-04,nan,nan,nan,nan,nan,nan
9.968652037617074413e+00,9.136041271769750765e-05,nan,nan,nan,nan,nan,nan
9.989550679205370542e+00,7.053887674712407368e-05,nan,nan,nan,nan,nan,nan
